row,column,iterations
0,0,1
0,1,1
0,2,1
0,3,1
0,4,1
0,5,1
0,6,1
0,7,1
0,8,1
0,9,1
0,10,1
0,11,1
0,12,1
0,13,1
0,14,1
0,15,1
0,16,1
0,17,1
0,18,1
0,19,1
0,20,1
0,21,1
0,22,1
0,23,2
0,24,2
0,25,2
0,26,2
0,27,2
0,28,2
0,29,2
0,30,2
0,31,2
0,32,2
0,33,2
0,34,2
0,35,2
0,36,2
0,37,2
0,38,2
0,39,2
0,40,2
0,41,2
0,42,2
0,43,2
0,44,2
0,45,2
0,46,2
0,47,2
0,48,2
0,49,2
0,50,2
0,51,2
0,52,2
0,53,2
0,54,2
0,55,2
0,56,2
0,57,2
0,58,2
0,59,2
0,60,2
0,61,2
0,62,2
0,63,2
0,64,2
0,65,2
0,66,2
0,67,2
0,68,2
0,69,2
0,70,2
0,71,2
0,72,2
0,73,2
0,74,2
0,75,2
0,76,2
0,77,2
0,78,2
0,79,2
0,80,2
0,81,2
0,82,2
0,83,2
0,84,2
0,85,2
0,86,2
0,87,2
0,88,2
0,89,2
0,90,2
0,91,2
0,92,2
0,93,2
0,94,2
0,95,2
0,96,2
0,97,2
0,98,2
0,99,2
1,0,1
1,1,1
1,2,1
1,3,1
1,4,1
1,5,1
1,6,1
1,7,1
1,8,1
1,9,1
1,10,1
1,11,1
1,12,1
1,13,1
1,14,1
1,15,1
1,16,1
1,17,1
1,18,1
1,19,1
1,20,1
1,21,1
1,22,2
1,23,2
1,24,2
1,25,2
1,26,2
1,27,2
1,28,2
1,29,2
1,30,2
1,31,2
1,32,2
1,33,2
1,34,2
1,35,2
1,36,2
1,37,2
1,38,2
1,39,2
1,40,2
1,41,2
1,42,2
1,43,2
1,44,2
1,45,2
1,46,2
1,47,2
1,48,2
1,49,2
1,50,2
1,51,2
1,52,2
1,53,2
1,54,2
1,55,2
1,56,2
1,57,2
1,58,2
1,59,2
1,60,2
1,61,2
1,62,2
1,63,2
1,64,2
1,65,2
1,66,2
1,67,2
1,68,2
1,69,2
1,70,2
1,71,2
1,72,2
1,73,2
1,74,2
1,75,2
1,76,2
1,77,2
1,78,2
1,79,2
1,80,2
1,81,2
1,82,2
1,83,2
1,84,2
1,85,2
1,86,2
1,87,2
1,88,2
1,89,2
1,90,2
1,91,2
1,92,2
1,93,2
1,94,2
1,95,2
1,96,2
1,97,2
1,98,2
1,99,2
2,0,1
2,1,1
2,2,1
2,3,1
2,4,1
2,5,1
2,6,1
2,7,1
2,8,1
2,9,1
2,10,1
2,11,1
2,12,1
2,13,1
2,14,1
2,15,1
2,16,1
2,17,1
2,18,1
2,19,1
2,20,1
2,21,2
2,22,2
2,23,2
2,24,2
2,25,2
2,26,2
2,27,2
2,28,2
2,29,2
2,30,2
2,31,2
2,32,2
2,33,2
2,34,2
2,35,2
2,36,2
2,37,2
2,38,2
2,39,2
2,40,2
2,41,2
2,42,2
2,43,2
2,44,2
2,45,2
2,46,2
2,47,2
2,48,2
2,49,2
2,50,2
2,51,2
2,52,2
2,53,2
2,54,2
2,55,2
2,56,2
2,57,2
2,58,2
2,59,2
2,60,2
2,61,2
2,62,2
2,63,2
2,64,2
2,65,2
2,66,2
2,67,2
2,68,2
2,69,2
2,70,2
2,71,2
2,72,2
2,73,2
2,74,2
2,75,2
2,76,2
2,77,2
2,78,2
2,79,2
2,80,2
2,81,2
2,82,2
2,83,2
2,84,2
2,85,2
2,86,2
2,87,2
2,88,2
2,89,2
2,90,2
2,91,2
2,92,2
2,93,2
2,94,2
2,95,2
2,96,2
2,97,2
2,98,2
2,99,2
3,0,1
3,1,1
3,2,1
3,3,1
3,4,1
3,5,1
3,6,1
3,7,1
3,8,1
3,9,1
3,10,1
3,11,1
3,12,1
3,13,1
3,14,1
3,15,1
3,16,1
3,17,1
3,18,1
3,19,1
3,20,2
3,21,2
3,22,2
3,23,2
3,24,2
3,25,2
3,26,2
3,27,2
3,28,2
3,29,2
3,30,2
3,31,2
3,32,2
3,33,2
3,34,2
3,35,2
3,36,2
3,37,2
3,38,2
3,39,2
3,40,2
3,41,2
3,42,2
3,43,2
3,44,2
3,45,2
3,46,2
3,47,2
3,48,2
3,49,2
3,50,2
3,51,2
3,52,2
3,53,2
3,54,2
3,55,2
3,56,2
3,57,2
3,58,2
3,59,2
3,60,2
3,61,2
3,62,2
3,63,2
3,64,2
3,65,2
3,66,2
3,67,2
3,68,2
3,69,2
3,70,2
3,71,2
3,72,2
3,73,2
3,74,2
3,75,2
3,76,2
3,77,2
3,78,2
3,79,2
3,80,2
3,81,2
3,82,2
3,83,2
3,84,2
3,85,2
3,86,2
3,87,2
3,88,2
3,89,2
3,90,2
3,91,2
3,92,2
3,93,2
3,94,2
3,95,2
3,96,2
3,97,2
3,98,2
3,99,2
4,0,1
4,1,1
4,2,1
4,3,1
4,4,1
4,5,1
4,6,1
4,7,1
4,8,1
4,9,1
4,10,1
4,11,1
4,12,1
4,13,1
4,14,1
4,15,1
4,16,1
4,17,1
4,18,1
4,19,2
4,20,2
4,21,2
4,22,2
4,23,2
4,24,2
4,25,2
4,26,2
4,27,2
4,28,2
4,29,2
4,30,2
4,31,2
4,32,2
4,33,2
4,34,2
4,35,2
4,36,2
4,37,2
4,38,2
4,39,2
4,40,2
4,41,2
4,42,2
4,43,2
4,44,2
4,45,2
4,46,2
4,47,2
4,48,2
4,49,2
4,50,2
4,51,2
4,52,2
4,53,2
4,54,2
4,55,2
4,56,2
4,57,2
4,58,2
4,59,2
4,60,2
4,61,2
4,62,2
4,63,2
4,64,2
4,65,2
4,66,2
4,67,2
4,68,2
4,69,2
4,70,2
4,71,2
4,72,2
4,73,2
4,74,2
4,75,2
4,76,2
4,77,2
4,78,2
4,79,2
4,80,2
4,81,2
4,82,2
4,83,2
4,84,2
4,85,2
4,86,2
4,87,2
4,88,2
4,89,2
4,90,2
4,91,2
4,92,2
4,93,2
4,94,2
4,95,2
4,96,2
4,97,2
4,98,2
4,99,2
5,0,1
5,1,1
5,2,1
5,3,1
5,4,1
5,5,1
5,6,1
5,7,1
5,8,1
5,9,1
5,10,1
5,11,1
5,12,1
5,13,1
5,14,1
5,15,1
5,16,1
5,17,1
5,18,2
5,19,2
5,20,2
5,21,2
5,22,2
5,23,2
5,24,2
5,25,2
5,26,2
5,27,2
5,28,2
5,29,2
5,30,2
5,31,2
5,32,2
5,33,2
5,34,2
5,35,2
5,36,2
5,37,2
5,38,2
5,39,2
5,40,2
5,41,2
5,42,2
5,43,2
5,44,2
5,45,2
5,46,2
5,47,2
5,48,2
5,49,2
5,50,2
5,51,2
5,52,2
5,53,2
5,54,2
5,55,2
5,56,2
5,57,2
5,58,2
5,59,2
5,60,2
5,61,2
5,62,2
5,63,2
5,64,2
5,65,2
5,66,2
5,67,2
5,68,2
5,69,2
5,70,2
5,71,2
5,72,2
5,73,2
5,74,2
5,75,2
5,76,2
5,77,2
5,78,2
5,79,2
5,80,2
5,81,2
5,82,2
5,83,2
5,84,2
5,85,2
5,86,2
5,87,2
5,88,2
5,89,2
5,90,2
5,91,2
5,92,2
5,93,2
5,94,2
5,95,2
5,96,2
5,97,2
5,98,2
5,99,2
6,0,1
6,1,1
6,2,1
6,3,1
6,4,1
6,5,1
6,6,1
6,7,1
6,8,1
6,9,1
6,10,1
6,11,1
6,12,1
6,13,1
6,14,1
6,15,1
6,16,1
6,17,2
6,18,2
6,19,2
6,20,2
6,21,2
6,22,2
6,23,2
6,24,2
6,25,2
6,26,2
6,27,2
6,28,2
6,29,2
6,30,2
6,31,2
6,32,2
6,33,2
6,34,2
6,35,2
6,36,2
6,37,2
6,38,2
6,39,2
6,40,2
6,41,2
6,42,2
6,43,2
6,44,2
6,45,2
6,46,2
6,47,3
6,48,3
6,49,3
6,50,3
6,51,3
6,52,3
6,53,3
6,54,2
6,55,2
6,56,2
6,57,2
6,58,2
6,59,2
6,60,2
6,61,2
6,62,2
6,63,2
6,64,2
6,65,2
6,66,2
6,67,2
6,68,2
6,69,2
6,70,2
6,71,2
6,72,2
6,73,2
6,74,2
6,75,2
6,76,2
6,77,2
6,78,2
6,79,2
6,80,2
6,81,2
6,82,2
6,83,2
6,84,2
6,85,2
6,86,2
6,87,2
6,88,2
6,89,2
6,90,2
6,91,2
6,92,2
6,93,2
6,94,2
6,95,2
6,96,2
6,97,2
6,98,2
6,99,2
7,0,1
7,1,1
7,2,1
7,3,1
7,4,1
7,5,1
7,6,1
7,7,1
7,8,1
7,9,1
7,10,1
7,11,1
7,12,1
7,13,1
7,14,1
7,15,1
7,16,2
7,17,2
7,18,2
7,19,2
7,20,2
7,21,2
7,22,2
7,23,2
7,24,2
7,25,2
7,26,2
7,27,2
7,28,2
7,29,2
7,30,2
7,31,2
7,32,2
7,33,2
7,34,2
7,35,2
7,36,2
7,37,2
7,38,2
7,39,3
7,40,3
7,41,3
7,42,3
7,43,3
7,44,3
7,45,3
7,46,3
7,47,3
7,48,3
7,49,3
7,50,3
7,51,3
7,52,3
7,53,3
7,54,3
7,55,3
7,56,3
7,57,3
7,58,3
7,59,3
7,60,3
7,61,3
7,62,2
7,63,2
7,64,2
7,65,2
7,66,2
7,67,2
7,68,2
7,69,2
7,70,2
7,71,2
7,72,2
7,73,2
7,74,2
7,75,2
7,76,2
7,77,2
7,78,2
7,79,2
7,80,2
7,81,2
7,82,2
7,83,2
7,84,2
7,85,2
7,86,2
7,87,2
7,88,2
7,89,2
7,90,2
7,91,2
7,92,2
7,93,2
7,94,2
7,95,2
7,96,2
7,97,2
7,98,2
7,99,2
8,0,1
8,1,1
8,2,1
8,3,1
8,4,1
8,5,1
8,6,1
8,7,1
8,8,1
8,9,1
8,10,1
8,11,1
8,12,1
8,13,1
8,14,1
8,15,2
8,16,2
8,17,2
8,18,2
8,19,2
8,20,2
8,21,2
8,22,2
8,23,2
8,24,2
8,25,2
8,26,2
8,27,2
8,28,2
8,29,2
8,30,2
8,31,2
8,32,2
8,33,2
8,34,2
8,35,3
8,36,3
8,37,3
8,38,3
8,39,3
8,40,3
8,41,3
8,42,3
8,43,3
8,44,3
8,45,3
8,46,3
8,47,3
8,48,3
8,49,3
8,50,3
8,51,3
8,52,3
8,53,3
8,54,3
8,55,3
8,56,3
8,57,3
8,58,3
8,59,3
8,60,3
8,61,3
8,62,3
8,63,3
8,64,3
8,65,3
8,66,2
8,67,2
8,68,2
8,69,2
8,70,2
8,71,2
8,72,2
8,73,2
8,74,2
8,75,2
8,76,2
8,77,2
8,78,2
8,79,2
8,80,2
8,81,2
8,82,2
8,83,2
8,84,2
8,85,2
8,86,2
8,87,2
8,88,2
8,89,2
8,90,2
8,91,2
8,92,2
8,93,2
8,94,2
8,95,2
8,96,2
8,97,2
8,98,2
8,99,2
9,0,1
9,1,1
9,2,1
9,3,1
9,4,1
9,5,1
9,6,1
9,7,1
9,8,1
9,9,1
9,10,1
9,11,1
9,12,1
9,13,1
9,14,1
9,15,2
9,16,2
9,17,2
9,18,2
9,19,2
9,20,2
9,21,2
9,22,2
9,23,2
9,24,2
9,25,2
9,26,2
9,27,2
9,28,2
9,29,2
9,30,2
9,31,2
9,32,3
9,33,3
9,34,3
9,35,3
9,36,3
9,37,3
9,38,3
9,39,3
9,40,3
9,41,3
9,42,3
9,43,3
9,44,3
9,45,3
9,46,3
9,47,3
9,48,3
9,49,3
9,50,3
9,51,3
9,52,3
9,53,3
9,54,3
9,55,3
9,56,3
9,57,3
9,58,3
9,59,3
9,60,3
9,61,3
9,62,3
9,63,3
9,64,3
9,65,3
9,66,3
9,67,3
9,68,3
9,69,2
9,70,2
9,71,2
9,72,2
9,73,2
9,74,2
9,75,2
9,76,2
9,77,2
9,78,2
9,79,2
9,80,2
9,81,2
9,82,2
9,83,2
9,84,2
9,85,2
9,86,2
9,87,2
9,88,2
9,89,2
9,90,2
9,91,2
9,92,2
9,93,2
9,94,2
9,95,2
9,96,2
9,97,2
9,98,2
9,99,2
10,0,1
10,1,1
10,2,1
10,3,1
10,4,1
10,5,1
10,6,1
10,7,1
10,8,1
10,9,1
10,10,1
10,11,1
10,12,1
10,13,1
10,14,2
10,15,2
10,16,2
10,17,2
10,18,2
10,19,2
10,20,2
10,21,2
10,22,2
10,23,2
10,24,2
10,25,2
10,26,2
10,27,2
10,28,2
10,29,3
10,30,3
10,31,3
10,32,3
10,33,3
10,34,3
10,35,3
10,36,3
10,37,3
10,38,3
10,39,3
10,40,3
10,41,3
10,42,3
10,43,3
10,44,3
10,45,3
10,46,3
10,47,3
10,48,3
10,49,3
10,50,3
10,51,3
10,52,3
10,53,3
10,54,3
10,55,3
10,56,3
10,57,3
10,58,3
10,59,3
10,60,3
10,61,3
10,62,3
10,63,3
10,64,3
10,65,3
10,66,3
10,67,3
10,68,3
10,69,3
10,70,3
10,71,3
10,72,2
10,73,2
10,74,2
10,75,2
10,76,2
10,77,2
10,78,2
10,79,2
10,80,2
10,81,2
10,82,2
10,83,2
10,84,2
10,85,2
10,86,2
10,87,2
10,88,2
10,89,2
10,90,2
10,91,2
10,92,2
10,93,2
10,94,2
10,95,2
10,96,2
10,97,2
10,98,2
10,99,2
11,0,1
11,1,1
11,2,1
11,3,1
11,4,1
11,5,1
11,6,1
11,7,1
11,8,1
11,9,1
11,10,1
11,11,1
11,12,1
11,13,2
11,14,2
11,15,2
11,16,2
11,17,2
11,18,2
11,19,2
11,20,2
11,21,2
11,22,2
11,23,2
11,24,2
11,25,2
11,26,2
11,27,3
11,28,3
11,29,3
11,30,3
11,31,3
11,32,3
11,33,3
11,34,3
11,35,3
11,36,3
11,37,3
11,38,3
11,39,3
11,40,3
11,41,3
11,42,3
11,43,3
11,44,3
11,45,3
11,46,3
11,47,3
11,48,3
11,49,3
11,50,3
11,51,3
11,52,3
11,53,3
11,54,3
11,55,3
11,56,3
11,57,4
11,58,4
11,59,4
11,60,4
11,61,4
11,62,4
11,63,4
11,64,4
11,65,3
11,66,3
11,67,3
11,68,3
11,69,3
11,70,3
11,71,3
11,72,3
11,73,3
11,74,2
11,75,2
11,76,2
11,77,2
11,78,2
11,79,2
11,80,2
11,81,2
11,82,2
11,83,2
11,84,2
11,85,2
11,86,2
11,87,2
11,88,2
11,89,2
11,90,2
11,91,2
11,92,2
11,93,2
11,94,2
11,95,2
11,96,2
11,97,2
11,98,2
11,99,2
12,0,1
12,1,1
12,2,1
12,3,1
12,4,1
12,5,1
12,6,1
12,7,1
12,8,1
12,9,1
12,10,1
12,11,1
12,12,2
12,13,2
12,14,2
12,15,2
12,16,2
12,17,2
12,18,2
12,19,2
12,20,2
12,21,2
12,22,2
12,23,2
12,24,2
12,25,3
12,26,3
12,27,3
12,28,3
12,29,3
12,30,3
12,31,3
12,32,3
12,33,3
12,34,3
12,35,3
12,36,3
12,37,3
12,38,3
12,39,3
12,40,3
12,41,3
12,42,3
12,43,3
12,44,3
12,45,3
12,46,3
12,47,3
12,48,3
12,49,3
12,50,3
12,51,3
12,52,3
12,53,4
12,54,4
12,55,4
12,56,4
12,57,4
12,58,4
12,59,4
12,60,5
12,61,5
12,62,5
12,63,5
12,64,4
12,65,4
12,66,4
12,67,4
12,68,4
12,69,3
12,70,3
12,71,3
12,72,3
12,73,3
12,74,3
12,75,3
12,76,2
12,77,2
12,78,2
12,79,2
12,80,2
12,81,2
12,82,2
12,83,2
12,84,2
12,85,2
12,86,2
12,87,2
12,88,2
12,89,2
12,90,2
12,91,2
12,92,2
12,93,2
12,94,2
12,95,2
12,96,2
12,97,2
12,98,2
12,99,2
13,0,1
13,1,1
13,2,1
13,3,1
13,4,1
13,5,1
13,6,1
13,7,1
13,8,1
13,9,1
13,10,1
13,11,1
13,12,2
13,13,2
13,14,2
13,15,2
13,16,2
13,17,2
13,18,2
13,19,2
13,20,2
13,21,2
13,22,2
13,23,3
13,24,3
13,25,3
13,26,3
13,27,3
13,28,3
13,29,3
13,30,3
13,31,3
13,32,3
13,33,3
13,34,3
13,35,3
13,36,3
13,37,3
13,38,3
13,39,3
13,40,3
13,41,3
13,42,3
13,43,3
13,44,3
13,45,3
13,46,3
13,47,3
13,48,3
13,49,3
13,50,3
13,51,4
13,52,4
13,53,4
13,54,4
13,55,4
13,56,4
13,57,4
13,58,5
13,59,7
13,60,9
13,61,8
13,62,6
13,63,5
13,64,5
13,65,5
13,66,4
13,67,4
13,68,4
13,69,4
13,70,4
13,71,3
13,72,3
13,73,3
13,74,3
13,75,3
13,76,3
13,77,3
13,78,2
13,79,2
13,80,2
13,81,2
13,82,2
13,83,2
13,84,2
13,85,2
13,86,2
13,87,2
13,88,2
13,89,2
13,90,2
13,91,2
13,92,2
13,93,2
13,94,2
13,95,2
13,96,2
13,97,2
13,98,2
13,99,2
14,0,1
14,1,1
14,2,1
14,3,1
14,4,1
14,5,1
14,6,1
14,7,1
14,8,1
14,9,1
14,10,1
14,11,2
14,12,2
14,13,2
14,14,2
14,15,2
14,16,2
14,17,2
14,18,2
14,19,2
14,20,2
14,21,3
14,22,3
14,23,3
14,24,3
14,25,3
14,26,3
14,27,3
14,28,3
14,29,3
14,30,3
14,31,3
14,32,3
14,33,3
14,34,3
14,35,3
14,36,3
14,37,3
14,38,3
14,39,3
14,40,3
14,41,3
14,42,3
14,43,3
14,44,3
14,45,3
14,46,3
14,47,3
14,48,3
14,49,4
14,50,4
14,51,4
14,52,4
14,53,4
14,54,4
14,55,4
14,56,4
14,57,5
14,58,5
14,59,6
14,60,8
14,61,11
14,62,7
14,63,6
14,64,5
14,65,5
14,66,5
14,67,4
14,68,4
14,69,4
14,70,4
14,71,4
14,72,4
14,73,3
14,74,3
14,75,3
14,76,3
14,77,3
14,78,3
14,79,3
14,80,2
14,81,2
14,82,2
14,83,2
14,84,2
14,85,2
14,86,2
14,87,2
14,88,2
14,89,2
14,90,2
14,91,2
14,92,2
14,93,2
14,94,2
14,95,2
14,96,2
14,97,2
14,98,2
14,99,2
15,0,1
15,1,1
15,2,1
15,3,1
15,4,1
15,5,1
15,6,1
15,7,1
15,8,1
15,9,1
15,10,2
15,11,2
15,12,2
15,13,2
15,14,2
15,15,2
15,16,2
15,17,2
15,18,2
15,19,2
15,20,3
15,21,3
15,22,3
15,23,3
15,24,3
15,25,3
15,26,3
15,27,3
15,28,3
15,29,3
15,30,3
15,31,3
15,32,3
15,33,3
15,34,3
15,35,3
15,36,3
15,37,3
15,38,3
15,39,3
15,40,3
15,41,3
15,42,3
15,43,3
15,44,3
15,45,3
15,46,3
15,47,4
15,48,4
15,49,4
15,50,4
15,51,4
15,52,4
15,53,4
15,54,4
15,55,4
15,56,5
15,57,5
15,58,5
15,59,6
15,60,8
15,61,15
15,62,11
15,63,6
15,64,6
15,65,6
15,66,6
15,67,5
15,68,4
15,69,4
15,70,4
15,71,4
15,72,4
15,73,4
15,74,3
15,75,3
15,76,3
15,77,3
15,78,3
15,79,3
15,80,3
15,81,2
15,82,2
15,83,2
15,84,2
15,85,2
15,86,2
15,87,2
15,88,2
15,89,2
15,90,2
15,91,2
15,92,2
15,93,2
15,94,2
15,95,2
15,96,2
15,97,2
15,98,2
15,99,2
16,0,1
16,1,1
16,2,1
16,3,1
16,4,1
16,5,1
16,6,1
16,7,1
16,8,1
16,9,1
16,10,2
16,11,2
16,12,2
16,13,2
16,14,2
16,15,2
16,16,2
16,17,2
16,18,3
16,19,3
16,20,3
16,21,3
16,22,3
16,23,3
16,24,3
16,25,3
16,26,3
16,27,3
16,28,3
16,29,3
16,30,3
16,31,3
16,32,3
16,33,3
16,34,3
16,35,3
16,36,3
16,37,3
16,38,3
16,39,3
16,40,3
16,41,3
16,42,3
16,43,3
16,44,3
16,45,4
16,46,4
16,47,4
16,48,4
16,49,4
16,50,4
16,51,4
16,52,4
16,53,4
16,54,4
16,55,5
16,56,5
16,57,5
16,58,6
16,59,6
16,60,7
16,61,14
16,62,15
16,63,8
16,64,7
16,65,7
16,66,11
16,67,6
16,68,5
16,69,4
16,70,4
16,71,4
16,72,4
16,73,4
16,74,4
16,75,4
16,76,3
16,77,3
16,78,3
16,79,3
16,80,3
16,81,3
16,82,3
16,83,2
16,84,2
16,85,2
16,86,2
16,87,2
16,88,2
16,89,2
16,90,2
16,91,2
16,92,2
16,93,2
16,94,2
16,95,2
16,96,2
16,97,2
16,98,2
16,99,2
17,0,1
17,1,1
17,2,1
17,3,1
17,4,1
17,5,1
17,6,1
17,7,1
17,8,1
17,9,2
17,10,2
17,11,2
17,12,2
17,13,2
17,14,2
17,15,2
17,16,2
17,17,3
17,18,3
17,19,3
17,20,3
17,21,3
17,22,3
17,23,3
17,24,3
17,25,3
17,26,3
17,27,3
17,28,3
17,29,3
17,30,3
17,31,3
17,32,3
17,33,3
17,34,3
17,35,3
17,36,3
17,37,3
17,38,3
17,39,3
17,40,3
17,41,3
17,42,3
17,43,3
17,44,4
17,45,4
17,46,4
17,47,4
17,48,4
17,49,4
17,50,4
17,51,4
17,52,4
17,53,4
17,54,5
17,55,5
17,56,5
17,57,5
17,58,6
17,59,6
17,60,7
17,61,9
17,62,16
17,63,11
17,64,10
17,65,16
17,66,11
17,67,6
17,68,5
17,69,4
17,70,4
17,71,4
17,72,4
17,73,4
17,74,4
17,75,4
17,76,4
17,77,3
17,78,3
17,79,3
17,80,3
17,81,3
17,82,3
17,83,3
17,84,2
17,85,2
17,86,2
17,87,2
17,88,2
17,89,2
17,90,2
17,91,2
17,92,2
17,93,2
17,94,2
17,95,2
17,96,2
17,97,2
17,98,2
17,99,2
18,0,1
18,1,1
18,2,1
18,3,1
18,4,1
18,5,1
18,6,1
18,7,1
18,8,1
18,9,2
18,10,2
18,11,2
18,12,2
18,13,2
18,14,2
18,15,2
18,16,3
18,17,3
18,18,3
18,19,3
18,20,3
18,21,3
18,22,3
18,23,3
18,24,3
18,25,3
18,26,3
18,27,3
18,28,3
18,29,3
18,30,3
18,31,3
18,32,3
18,33,3
18,34,3
18,35,3
18,36,3
18,37,3
18,38,3
18,39,3
18,40,3
18,41,3
18,42,3
18,43,4
18,44,4
18,45,4
18,46,4
18,47,4
18,48,4
18,49,4
18,50,4
18,51,4
18,52,4
18,53,5
18,54,5
18,55,5
18,56,5
18,57,5
18,58,6
18,59,7
18,60,8
18,61,9
18,62,11
18,63,19
18,64,15
18,65,10
18,66,8
18,67,6
18,68,6
18,69,5
18,70,4
18,71,4
18,72,4
18,73,4
18,74,4
18,75,4
18,76,4
18,77,4
18,78,3
18,79,3
18,80,3
18,81,3
18,82,3
18,83,3
18,84,3
18,85,2
18,86,2
18,87,2
18,88,2
18,89,2
18,90,2
18,91,2
18,92,2
18,93,2
18,94,2
18,95,2
18,96,2
18,97,2
18,98,2
18,99,2
19,0,1
19,1,1
19,2,1
19,3,1
19,4,1
19,5,1
19,6,1
19,7,1
19,8,2
19,9,2
19,10,2
19,11,2
19,12,2
19,13,2
19,14,2
19,15,3
19,16,3
19,17,3
19,18,3
19,19,3
19,20,3
19,21,3
19,22,3
19,23,3
19,24,3
19,25,3
19,26,3
19,27,3
19,28,3
19,29,3
19,30,3
19,31,3
19,32,3
19,33,3
19,34,3
19,35,3
19,36,3
19,37,3
19,38,3
19,39,3
19,40,3
19,41,4
19,42,4
19,43,4
19,44,4
19,45,4
19,46,4
19,47,4
19,48,4
19,49,4
19,50,4
19,51,4
19,52,4
19,53,5
19,54,5
19,55,5
19,56,5
19,57,6
19,58,7
19,59,7
19,60,8
19,61,9
19,62,11
19,63,26
19,64,12
19,65,9
19,66,8
19,67,7
19,68,6
19,69,5
19,70,5
19,71,4
19,72,4
19,73,4
19,74,4
19,75,4
19,76,4
19,77,4
19,78,4
19,79,3
19,80,3
19,81,3
19,82,3
19,83,3
19,84,3
19,85,3
19,86,2
19,87,2
19,88,2
19,89,2
19,90,2
19,91,2
19,92,2
19,93,2
19,94,2
19,95,2
19,96,2
19,97,2
19,98,2
19,99,2
20,0,1
20,1,1
20,2,1
20,3,1
20,4,1
20,5,1
20,6,1
20,7,1
20,8,2
20,9,2
20,10,2
20,11,2
20,12,2
20,13,2
20,14,3
20,15,3
20,16,3
20,17,3
20,18,3
20,19,3
20,20,3
20,21,3
20,22,3
20,23,3
20,24,3
20,25,3
20,26,3
20,27,3
20,28,3
20,29,3
20,30,3
20,31,3
20,32,3
20,33,3
20,34,3
20,35,3
20,36,3
20,37,3
20,38,3
20,39,3
20,40,4
20,41,4
20,42,4
20,43,4
20,44,4
20,45,4
20,46,4
20,47,4
20,48,4
20,49,4
20,50,4
20,51,4
20,52,5
20,53,5
20,54,5
20,55,5
20,56,6
20,57,6
20,58,7
20,59,9
20,60,9
20,61,17
20,62,17
20,63,44
20,64,15
20,65,11
20,66,8
20,67,7
20,68,6
20,69,5
20,70,5
20,71,5
20,72,5
20,73,4
20,74,4
20,75,4
20,76,4
20,77,4
20,78,4
20,79,4
20,80,3
20,81,3
20,82,3
20,83,3
20,84,3
20,85,3
20,86,3
20,87,2
20,88,2
20,89,2
20,90,2
20,91,2
20,92,2
20,93,2
20,94,2
20,95,2
20,96,2
20,97,2
20,98,2
20,99,2
21,0,1
21,1,1
21,2,1
21,3,1
21,4,1
21,5,1
21,6,1
21,7,2
21,8,2
21,9,2
21,10,2
21,11,2
21,12,2
21,13,3
21,14,3
21,15,3
21,16,3
21,17,3
21,18,3
21,19,3
21,20,3
21,21,3
21,22,3
21,23,3
21,24,3
21,25,3
21,26,3
21,27,3
21,28,3
21,29,3
21,30,3
21,31,3
21,32,3
21,33,3
21,34,3
21,35,3
21,36,3
21,37,3
21,38,3
21,39,4
21,40,4
21,41,4
21,42,4
21,43,4
21,44,4
21,45,4
21,46,4
21,47,4
21,48,4
21,49,4
21,50,4
21,51,5
21,52,5
21,53,5
21,54,5
21,55,6
21,56,6
21,57,8
21,58,10
21,59,29
21,60,11
21,61,14
21,62,38
21,63,50
21,64,31
21,65,12
21,66,10
21,67,9
21,68,7
21,69,6
21,70,5
21,71,5
21,72,5
21,73,5
21,74,4
21,75,4
21,76,4
21,77,4
21,78,4
21,79,4
21,80,3
21,81,3
21,82,3
21,83,3
21,84,3
21,85,3
21,86,3
21,87,3
21,88,2
21,89,2
21,90,2
21,91,2
21,92,2
21,93,2
21,94,2
21,95,2
21,96,2
21,97,2
21,98,2
21,99,2
22,0,1
22,1,1
22,2,1
22,3,1
22,4,1
22,5,1
22,6,1
22,7,2
22,8,2
22,9,2
22,10,2
22,11,2
22,12,3
22,13,3
22,14,3
22,15,3
22,16,3
22,17,3
22,18,3
22,19,3
22,20,3
22,21,3
22,22,3
22,23,3
22,24,3
22,25,3
22,26,3
22,27,3
22,28,3
22,29,3
22,30,3
22,31,3
22,32,3
22,33,3
22,34,3
22,35,3
22,36,3
22,37,3
22,38,4
22,39,4
22,40,4
22,41,4
22,42,4
22,43,4
22,44,4
22,45,4
22,46,4
22,47,4
22,48,4
22,49,5
22,50,5
22,51,5
22,52,5
22,53,5
22,54,6
22,55,6
22,56,7
22,57,14
22,58,15
22,59,19
22,60,16
22,61,28
22,62,50
22,63,50
22,64,25
22,65,22
22,66,13
22,67,16
22,68,8
22,69,6
22,70,5
22,71,5
22,72,5
22,73,5
22,74,5
22,75,4
22,76,4
22,77,4
22,78,4
22,79,4
22,80,4
22,81,3
22,82,3
22,83,3
22,84,3
22,85,3
22,86,3
22,87,3
22,88,3
22,89,2
22,90,2
22,91,2
22,92,2
22,93,2
22,94,2
22,95,2
22,96,2
22,97,2
22,98,2
22,99,2
23,0,1
23,1,1
23,2,1
23,3,1
23,4,1
23,5,1
23,6,2
23,7,2
23,8,2
23,9,2
23,10,2
23,11,3
23,12,3
23,13,3
23,14,3
23,15,3
23,16,3
23,17,3
23,18,3
23,19,3
23,20,3
23,21,3
23,22,3
23,23,3
23,24,3
23,25,3
23,26,3
23,27,3
23,28,3
23,29,3
23,30,3
23,31,3
23,32,3
23,33,3
23,34,3
23,35,3
23,36,4
23,37,4
23,38,4
23,39,4
23,40,4
23,41,4
23,42,4
23,43,4
23,44,4
23,45,4
23,46,4
23,47,4
23,48,5
23,49,5
23,50,5
23,51,5
23,52,6
23,53,6
23,54,6
23,55,7
23,56,8
23,57,9
23,58,11
23,59,36
23,60,50
23,61,50
23,62,50
23,63,50
23,64,50
23,65,50
23,66,22
23,67,15
23,68,11
23,69,7
23,70,6
23,71,5
23,72,5
23,73,5
23,74,5
23,75,5
23,76,5
23,77,4
23,78,4
23,79,4
23,80,4
23,81,4
23,82,3
23,83,3
23,84,3
23,85,3
23,86,3
23,87,3
23,88,3
23,89,3
23,90,2
23,91,2
23,92,2
23,93,2
23,94,2
23,95,2
23,96,2
23,97,2
23,98,2
23,99,2
24,0,1
24,1,1
24,2,1
24,3,1
24,4,1
24,5,1
24,6,2
24,7,2
24,8,2
24,9,2
24,10,3
24,11,3
24,12,3
24,13,3
24,14,3
24,15,3
24,16,3
24,17,3
24,18,3
24,19,3
24,20,3
24,21,3
24,22,3
24,23,3
24,24,3
24,25,3
24,26,3
24,27,3
24,28,3
24,29,3
24,30,3
24,31,3
24,32,3
24,33,3
24,34,3
24,35,4
24,36,4
24,37,4
24,38,4
24,39,4
24,40,4
24,41,4
24,42,4
24,43,4
24,44,4
24,45,4
24,46,4
24,47,5
24,48,5
24,49,5
24,50,6
24,51,6
24,52,6
24,53,6
24,54,7
24,55,7
24,56,8
24,57,9
24,58,18
24,59,50
24,60,50
24,61,50
24,62,50
24,63,50
24,64,50
24,65,50
24,66,39
24,67,12
24,68,9
24,69,7
24,70,7
24,71,6
24,72,5
24,73,5
24,74,5
24,75,5
24,76,5
24,77,5
24,78,4
24,79,4
24,80,4
24,81,4
24,82,3
24,83,3
24,84,3
24,85,3
24,86,3
24,87,3
24,88,3
24,89,3
24,90,3
24,91,2
24,92,2
24,93,2
24,94,2
24,95,2
24,96,2
24,97,2
24,98,2
24,99,2
25,0,1
25,1,1
25,2,1
25,3,1
25,4,1
25,5,2
25,6,2
25,7,2
25,8,2
25,9,3
25,10,3
25,11,3
25,12,3
25,13,3
25,14,3
25,15,3
25,16,3
25,17,3
25,18,3
25,19,3
25,20,3
25,21,3
25,22,3
25,23,3
25,24,3
25,25,3
25,26,3
25,27,3
25,28,3
25,29,3
25,30,3
25,31,3
25,32,3
25,33,3
25,34,4
25,35,4
25,36,4
25,37,4
25,38,4
25,39,4
25,40,4
25,41,4
25,42,4
25,43,4
25,44,4
25,45,5
25,46,5
25,47,5
25,48,6
25,49,6
25,50,6
25,51,6
25,52,6
25,53,7
25,54,7
25,55,7
25,56,8
25,57,9
25,58,16
25,59,50
25,60,50
25,61,50
25,62,50
25,63,50
25,64,50
25,65,50
25,66,50
25,67,18
25,68,9
25,69,8
25,70,7
25,71,6
25,72,6
25,73,6
25,74,6
25,75,5
25,76,5
25,77,5
25,78,5
25,79,5
25,80,4
25,81,4
25,82,4
25,83,3
25,84,3
25,85,3
25,86,3
25,87,3
25,88,3
25,89,3
25,90,3
25,91,3
25,92,2
25,93,2
25,94,2
25,95,2
25,96,2
25,97,2
25,98,2
25,99,2
26,0,1
26,1,1
26,2,1
26,3,1
26,4,1
26,5,2
26,6,2
26,7,2
26,8,3
26,9,3
26,10,3
26,11,3
26,12,3
26,13,3
26,14,3
26,15,3
26,16,3
26,17,3
26,18,3
26,19,3
26,20,3
26,21,3
26,22,3
26,23,3
26,24,3
26,25,3
26,26,3
26,27,3
26,28,3
26,29,3
26,30,3
26,31,3
26,32,3
26,33,4
26,34,4
26,35,4
26,36,4
26,37,4
26,38,4
26,39,4
26,40,4
26,41,4
26,42,4
26,43,5
26,44,5
26,45,5
26,46,6
26,47,7
26,48,7
26,49,7
26,50,7
26,51,7
26,52,7
26,53,7
26,54,7
26,55,8
26,56,9
26,57,10
26,58,12
26,59,50
26,60,50
26,61,50
26,62,50
26,63,50
26,64,50
26,65,50
26,66,26
26,67,12
26,68,9
26,69,8
26,70,8
26,71,7
26,72,6
26,73,6
26,74,6
26,75,6
26,76,6
26,77,6
26,78,6
26,79,5
26,80,5
26,81,4
26,82,4
26,83,4
26,84,3
26,85,3
26,86,3
26,87,3
26,88,3
26,89,3
26,90,3
26,91,3
26,92,3
26,93,2
26,94,2
26,95,2
26,96,2
26,97,2
26,98,2
26,99,2
27,0,1
27,1,1
27,2,1
27,3,1
27,4,1
27,5,2
27,6,2
27,7,2
27,8,3
27,9,3
27,10,3
27,11,3
27,12,3
27,13,3
27,14,3
27,15,3
27,16,3
27,17,3
27,18,3
27,19,3
27,20,3
27,21,3
27,22,3
27,23,3
27,24,3
27,25,3
27,26,3
27,27,3
27,28,3
27,29,3
27,30,3
27,31,3
27,32,4
27,33,4
27,34,4
27,35,4
27,36,4
27,37,4
27,38,4
27,39,4
27,40,4
27,41,5
27,42,5
27,43,5
27,44,5
27,45,6
27,46,9
27,47,9
27,48,9
27,49,17
27,50,10
27,51,8
27,52,8
27,53,9
27,54,10
27,55,10
27,56,10
27,57,11
27,58,13
27,59,19
27,60,50
27,61,50
27,62,50
27,63,50
27,64,50
27,65,50
27,66,16
27,67,12
27,68,11
27,69,9
27,70,9
27,71,21
27,72,8
27,73,7
27,74,6
27,75,6
27,76,6
27,77,7
27,78,8
27,79,9
27,80,6
27,81,5
27,82,4
27,83,4
27,84,3
27,85,3
27,86,3
27,87,3
27,88,3
27,89,3
27,90,3
27,91,3
27,92,3
27,93,2
27,94,2
27,95,2
27,96,2
27,97,2
27,98,2
27,99,2
28,0,1
28,1,1
28,2,1
28,3,1
28,4,2
28,5,2
28,6,2
28,7,3
28,8,3
28,9,3
28,10,3
28,11,3
28,12,3
28,13,3
28,14,3
28,15,3
28,16,3
28,17,3
28,18,3
28,19,3
28,20,3
28,21,3
28,22,3
28,23,3
28,24,3
28,25,3
28,26,3
28,27,3
28,28,3
28,29,3
28,30,3
28,31,4
28,32,4
28,33,4
28,34,4
28,35,4
28,36,4
28,37,4
28,38,4
28,39,5
28,40,5
28,41,5
28,42,5
28,43,5
28,44,6
28,45,7
28,46,10
28,47,29
28,48,21
28,49,19
28,50,11
28,51,9
28,52,9
28,53,11
28,54,42
28,55,38
28,56,14
28,57,50
28,58,47
28,59,24
28,60,24
28,61,50
28,62,50
28,63,50
28,64,50
28,65,23
28,66,19
28,67,50
28,68,17
28,69,14
28,70,12
28,71,25
28,72,19
28,73,8
28,74,8
28,75,7
28,76,7
28,77,8
28,78,9
28,79,12
28,80,7
28,81,5
28,82,4
28,83,4
28,84,4
28,85,3
28,86,3
28,87,3
28,88,3
28,89,3
28,90,3
28,91,3
28,92,3
28,93,3
28,94,2
28,95,2
28,96,2
28,97,2
28,98,2
28,99,2
29,0,1
29,1,1
29,2,1
29,3,1
29,4,2
29,5,2
29,6,3
29,7,3
29,8,3
29,9,3
29,10,3
29,11,3
29,12,3
29,13,3
29,14,3
29,15,3
29,16,3
29,17,3
29,18,3
29,19,3
29,20,3
29,21,3
29,22,3
29,23,3
29,24,3
29,25,3
29,26,3
29,27,3
29,28,3
29,29,4
29,30,4
29,31,4
29,32,4
29,33,4
29,34,4
29,35,4
29,36,4
29,37,5
29,38,5
29,39,5
29,40,5
29,41,5
29,42,5
29,43,6
29,44,6
29,45,7
29,46,9
29,47,34
29,48,26
29,49,47
29,50,20
29,51,15
29,52,11
29,53,13
29,54,32
29,55,50
29,56,50
29,57,50
29,58,50
29,59,50
29,60,50
29,61,50
29,62,50
29,63,50
29,64,50
29,65,50
29,66,50
29,67,50
29,68,50
29,69,23
29,70,26
29,71,50
29,72,17
29,73,10
29,74,9
29,75,10
29,76,10
29,77,10
29,78,12
29,79,14
29,80,8
29,81,6
29,82,5
29,83,4
29,84,4
29,85,3
29,86,3
29,87,3
29,88,3
29,89,3
29,90,3
29,91,3
29,92,3
29,93,3
29,94,3
29,95,2
29,96,2
29,97,2
29,98,2
29,99,2
30,0,1
30,1,1
30,2,1
30,3,1
30,4,2
30,5,2
30,6,3
30,7,3
30,8,3
30,9,3
30,10,3
30,11,3
30,12,3
30,13,3
30,14,3
30,15,3
30,16,3
30,17,3
30,18,3
30,19,3
30,20,3
30,21,3
30,22,3
30,23,3
30,24,3
30,25,3
30,26,3
30,27,3
30,28,4
30,29,4
30,30,4
30,31,4
30,32,4
30,33,4
30,34,5
30,35,5
30,36,5
30,37,5
30,38,5
30,39,5
30,40,5
30,41,5
30,42,6
30,43,6
30,44,6
30,45,7
30,46,10
30,47,13
30,48,50
30,49,50
30,50,50
30,51,50
30,52,15
30,53,50
30,54,50
30,55,50
30,56,50
30,57,50
30,58,50
30,59,50
30,60,50
30,61,50
30,62,50
30,63,50
30,64,50
30,65,50
30,66,50
30,67,50
30,68,50
30,69,50
30,70,50
30,71,50
30,72,16
30,73,13
30,74,11
30,75,14
30,76,26
30,77,15
30,78,14
30,79,18
30,80,15
30,81,7
30,82,5
30,83,4
30,84,4
30,85,3
30,86,3
30,87,3
30,88,3
30,89,3
30,90,3
30,91,3
30,92,3
30,93,3
30,94,3
30,95,2
30,96,2
30,97,2
30,98,2
30,99,2
31,0,1
31,1,1
31,2,1
31,3,2
31,4,2
31,5,3
31,6,3
31,7,3
31,8,3
31,9,3
31,10,3
31,11,3
31,12,3
31,13,3
31,14,3
31,15,3
31,16,3
31,17,3
31,18,3
31,19,3
31,20,3
31,21,3
31,22,3
31,23,3
31,24,3
31,25,3
31,26,3
31,27,4
31,28,4
31,29,4
31,30,4
31,31,5
31,32,5
31,33,5
31,34,5
31,35,5
31,36,5
31,37,5
31,38,5
31,39,5
31,40,5
31,41,6
31,42,6
31,43,6
31,44,7
31,45,8
31,46,9
31,47,12
31,48,25
31,49,50
31,50,50
31,51,50
31,52,50
31,53,50
31,54,50
31,55,50
31,56,50
31,57,50
31,58,50
31,59,50
31,60,50
31,61,50
31,62,50
31,63,50
31,64,50
31,65,50
31,66,50
31,67,50
31,68,50
31,69,50
31,70,50
31,71,50
31,72,50
31,73,21
31,74,15
31,75,50
31,76,50
31,77,39
31,78,50
31,79,14
31,80,12
31,81,6
31,82,5
31,83,5
31,84,4
31,85,4
31,86,3
31,87,3
31,88,3
31,89,3
31,90,3
31,91,3
31,92,3
31,93,3
31,94,3
31,95,3
31,96,2
31,97,2
31,98,2
31,99,2
32,0,1
32,1,1
32,2,1
32,3,2
32,4,2
32,5,3
32,6,3
32,7,3
32,8,3
32,9,3
32,10,3
32,11,3
32,12,3
32,13,3
32,14,3
32,15,3
32,16,3
32,17,3
32,18,3
32,19,3
32,20,3
32,21,3
32,22,3
32,23,3
32,24,3
32,25,4
32,26,4
32,27,4
32,28,4
32,29,5
32,30,5
32,31,5
32,32,5
32,33,5
32,34,5
32,35,5
32,36,5
32,37,5
32,38,5
32,39,5
32,40,6
32,41,6
32,42,6
32,43,6
32,44,7
32,45,8
32,46,9
32,47,12
32,48,19
32,49,50
32,50,50
32,51,50
32,52,50
32,53,50
32,54,50
32,55,50
32,56,50
32,57,50
32,58,50
32,59,50
32,60,50
32,61,50
32,62,50
32,63,50
32,64,50
32,65,50
32,66,50
32,67,50
32,68,50
32,69,50
32,70,50
32,71,50
32,72,50
32,73,50
32,74,26
32,75,50
32,76,50
32,77,50
32,78,23
32,79,11
32,80,8
32,81,6
32,82,5
32,83,5
32,84,4
32,85,4
32,86,3
32,87,3
32,88,3
32,89,3
32,90,3
32,91,3
32,92,3
32,93,3
32,94,3
32,95,3
32,96,2
32,97,2
32,98,2
32,99,2
33,0,1
33,1,1
33,2,1
33,3,2
33,4,3
33,5,3
33,6,3
33,7,3
33,8,3
33,9,3
33,10,3
33,11,3
33,12,3
33,13,3
33,14,3
33,15,3
33,16,3
33,17,3
33,18,3
33,19,3
33,20,3
33,21,3
33,22,3
33,23,4
33,24,4
33,25,4
33,26,4
33,27,5
33,28,5
33,29,5
33,30,5
33,31,5
33,32,5
33,33,5
33,34,5
33,35,5
33,36,5
33,37,5
33,38,5
33,39,6
33,40,6
33,41,6
33,42,6
33,43,7
33,44,8
33,45,10
33,46,10
33,47,12
33,48,16
33,49,28
33,50,50
33,51,50
33,52,50
33,53,50
33,54,50
33,55,50
33,56,50
33,57,50
33,58,50
33,59,50
33,60,50
33,61,50
33,62,50
33,63,50
33,64,50
33,65,50
33,66,50
33,67,50
33,68,50
33,69,50
33,70,50
33,71,50
33,72,50
33,73,50
33,74,50
33,75,50
33,76,50
33,77,50
33,78,50
33,79,10
33,80,7
33,81,6
33,82,5
33,83,5
33,84,4
33,85,4
33,86,4
33,87,3
33,88,3
33,89,3
33,90,3
33,91,3
33,92,3
33,93,3
33,94,3
33,95,3
33,96,3
33,97,2
33,98,2
33,99,2
34,0,1
34,1,1
34,2,2
34,3,2
34,4,3
34,5,3
34,6,3
34,7,3
34,8,3
34,9,3
34,10,3
34,11,3
34,12,3
34,13,3
34,14,3
34,15,3
34,16,3
34,17,3
34,18,3
34,19,3
34,20,3
34,21,4
34,22,4
34,23,4
34,24,4
34,25,5
34,26,5
34,27,5
34,28,5
34,29,5
34,30,5
34,31,5
34,32,5
34,33,5
34,34,5
34,35,5
34,36,5
34,37,6
34,38,6
34,39,6
34,40,6
34,41,6
34,42,7
34,43,10
34,44,12
34,45,45
34,46,14
34,47,19
34,48,50
34,49,50
34,50,50
34,51,50
34,52,50
34,53,50
34,54,50
34,55,50
34,56,50
34,57,50
34,58,50
34,59,50
34,60,50
34,61,50
34,62,50
34,63,50
34,64,50
34,65,50
34,66,50
34,67,50
34,68,50
34,69,50
34,70,50
34,71,50
34,72,50
34,73,50
34,74,50
34,75,50
34,76,30
34,77,19
34,78,11
34,79,9
34,80,7
34,81,6
34,82,6
34,83,5
34,84,5
34,85,4
34,86,4
34,87,3
34,88,3
34,89,3
34,90,3
34,91,3
34,92,3
34,93,3
34,94,3
34,95,3
34,96,3
34,97,2
34,98,2
34,99,2
35,0,1
35,1,1
35,2,2
35,3,3
35,4,3
35,5,3
35,6,3
35,7,3
35,8,3
35,9,3
35,10,3
35,11,3
35,12,3
35,13,3
35,14,3
35,15,3
35,16,3
35,17,3
35,18,3
35,19,4
35,20,4
35,21,4
35,22,4
35,23,5
35,24,6
35,25,6
35,26,6
35,27,6
35,28,6
35,29,6
35,30,5
35,31,5
35,32,5
35,33,5
35,34,5
35,35,6
35,36,6
35,37,6
35,38,6
35,39,6
35,40,7
35,41,7
35,42,8
35,43,10
35,44,29
35,45,50
35,46,50
35,47,50
35,48,50
35,49,50
35,50,50
35,51,50
35,52,50
35,53,50
35,54,50
35,55,50
35,56,50
35,57,50
35,58,50
35,59,50
35,60,50
35,61,50
35,62,50
35,63,50
35,64,50
35,65,50
35,66,50
35,67,50
35,68,50
35,69,50
35,70,50
35,71,50
35,72,50
35,73,50
35,74,50
35,75,50
35,76,50
35,77,50
35,78,12
35,79,9
35,80,7
35,81,7
35,82,6
35,83,5
35,84,5
35,85,4
35,86,4
35,87,3
35,88,3
35,89,3
35,90,3
35,91,3
35,92,3
35,93,3
35,94,3
35,95,3
35,96,3
35,97,3
35,98,2
35,99,2
36,0,1
36,1,1
36,2,2
36,3,3
36,4,3
36,5,3
36,6,3
36,7,3
36,8,3
36,9,3
36,10,3
36,11,3
36,12,3
36,13,3
36,14,3
36,15,3
36,16,4
36,17,4
36,18,4
36,19,4
36,20,4
36,21,5
36,22,5
36,23,6
36,24,12
36,25,9
36,26,6
36,27,6
36,28,6
36,29,6
36,30,6
36,31,6
36,32,6
36,33,6
36,34,6
36,35,6
36,36,6
36,37,7
36,38,7
36,39,7
36,40,7
36,41,8
36,42,8
36,43,10
36,44,14
36,45,36
36,46,50
36,47,50
36,48,50
36,49,50
36,50,50
36,51,50
36,52,50
36,53,50
36,54,50
36,55,50
36,56,50
36,57,50
36,58,50
36,59,50
36,60,50
36,61,50
36,62,50
36,63,50
36,64,50
36,65,50
36,66,50
36,67,50
36,68,50
36,69,50
36,70,50
36,71,50
36,72,50
36,73,50
36,74,50
36,75,50
36,76,50
36,77,50
36,78,50
36,79,10
36,80,8
36,81,8
36,82,7
36,83,5
36,84,5
36,85,4
36,86,4
36,87,4
36,88,3
36,89,3
36,90,3
36,91,3
36,92,3
36,93,3
36,94,3
36,95,3
36,96,3
36,97,3
36,98,2
36,99,2
37,0,1
37,1,1
37,2,2
37,3,3
37,4,3
37,5,3
37,6,3
37,7,3
37,8,3
37,9,3
37,10,3
37,11,3
37,12,3
37,13,4
37,14,4
37,15,4
37,16,4
37,17,4
37,18,4
37,19,4
37,20,5
37,21,5
37,22,6
37,23,6
37,24,8
37,25,19
37,26,8
37,27,7
37,28,7
37,29,7
37,30,7
37,31,7
37,32,9
37,33,8
37,34,7
37,35,7
37,36,7
37,37,7
37,38,7
37,39,7
37,40,8
37,41,8
37,42,9
37,43,10
37,44,14
37,45,29
37,46,50
37,47,50
37,48,50
37,49,50
37,50,50
37,51,50
37,52,50
37,53,50
37,54,50
37,55,50
37,56,50
37,57,50
37,58,50
37,59,50
37,60,50
37,61,50
37,62,50
37,63,50
37,64,50
37,65,50
37,66,50
37,67,50
37,68,50
37,69,50
37,70,50
37,71,50
37,72,50
37,73,50
37,74,50
37,75,50
37,76,50
37,77,50
37,78,27
37,79,13
37,80,11
37,81,10
37,82,18
37,83,6
37,84,5
37,85,4
37,86,4
37,87,4
37,88,3
37,89,3
37,90,3
37,91,3
37,92,3
37,93,3
37,94,3
37,95,3
37,96,3
37,97,3
37,98,2
37,99,2
38,0,1
38,1,1
38,2,3
38,3,3
38,4,3
38,5,3
38,6,3
38,7,3
38,8,3
38,9,3
38,10,4
38,11,4
38,12,4
38,13,4
38,14,4
38,15,4
38,16,4
38,17,4
38,18,5
38,19,5
38,20,5
38,21,5
38,22,6
38,23,6
38,24,10
38,25,12
38,26,9
38,27,8
38,28,8
38,29,7
38,30,8
38,31,8
38,32,18
38,33,10
38,34,8
38,35,8
38,36,7
38,37,7
38,38,7
38,39,8
38,40,8
38,41,8
38,42,10
38,43,43
38,44,50
38,45,50
38,46,50
38,47,50
38,48,50
38,49,50
38,50,50
38,51,50
38,52,50
38,53,50
38,54,50
38,55,50
38,56,50
38,57,50
38,58,50
38,59,50
38,60,50
38,61,50
38,62,50
38,63,50
38,64,50
38,65,50
38,66,50
38,67,50
38,68,50
38,69,50
38,70,50
38,71,50
38,72,50
38,73,50
38,74,50
38,75,50
38,76,50
38,77,50
38,78,50
38,79,50
38,80,32
38,81,17
38,82,10
38,83,6
38,84,5
38,85,4
38,86,4
38,87,4
38,88,3
38,89,3
38,90,3
38,91,3
38,92,3
38,93,3
38,94,3
38,95,3
38,96,3
38,97,3
38,98,3
38,99,2
39,0,1
39,1,2
39,2,3
39,3,3
39,4,3
39,5,3
39,6,3
39,7,3
39,8,4
39,9,4
39,10,4
39,11,4
39,12,4
39,13,4
39,14,4
39,15,4
39,16,4
39,17,5
39,18,5
39,19,5
39,20,5
39,21,6
39,22,6
39,23,7
39,24,9
39,25,19
39,26,12
39,27,12
39,28,13
39,29,10
39,30,9
39,31,10
39,32,28
39,33,27
39,34,10
39,35,10
39,36,11
39,37,9
39,38,8
39,39,9
39,40,9
39,41,9
39,42,11
39,43,16
39,44,50
39,45,50
39,46,50
39,47,50
39,48,50
39,49,50
39,50,50
39,51,50
39,52,50
39,53,50
39,54,50
39,55,50
39,56,50
39,57,50
39,58,50
39,59,50
39,60,50
39,61,50
39,62,50
39,63,50
39,64,50
39,65,50
39,66,50
39,67,50
39,68,50
39,69,50
39,70,50
39,71,50
39,72,50
39,73,50
39,74,50
39,75,50
39,76,50
39,77,50
39,78,50
39,79,50
39,80,50
39,81,18
39,82,19
39,83,6
39,84,5
39,85,4
39,86,4
39,87,4
39,88,4
39,89,3
39,90,3
39,91,3
39,92,3
39,93,3
39,94,3
39,95,3
39,96,3
39,97,3
39,98,3
39,99,2
40,0,1
40,1,2
40,2,3
40,3,3
40,4,3
40,5,3
40,6,4
40,7,4
40,8,4
40,9,4
40,10,4
40,11,4
40,12,4
40,13,4
40,14,4
40,15,4
40,16,5
40,17,5
40,18,5
40,19,5
40,20,5
40,21,6
40,22,6
40,23,7
40,24,8
40,25,10
40,26,12
40,27,30
40,28,50
40,29,15
40,30,12
40,31,12
40,32,14
40,33,23
40,34,45
40,35,13
40,36,16
40,37,10
40,38,9
40,39,9
40,40,9
40,41,10
40,42,12
40,43,26
40,44,50
40,45,50
40,46,50
40,47,50
40,48,50
40,49,50
40,50,50
40,51,50
40,52,50
40,53,50
40,54,50
40,55,50
40,56,50
40,57,50
40,58,50
40,59,50
40,60,50
40,61,50
40,62,50
40,63,50
40,64,50
40,65,50
40,66,50
40,67,50
40,68,50
40,69,50
40,70,50
40,71,50
40,72,50
40,73,50
40,74,50
40,75,50
40,76,50
40,77,50
40,78,50
40,79,50
40,80,15
40,81,9
40,82,7
40,83,6
40,84,5
40,85,4
40,86,4
40,87,4
40,88,4
40,89,3
40,90,3
40,91,3
40,92,3
40,93,3
40,94,3
40,95,3
40,96,3
40,97,3
40,98,3
40,99,2
41,0,1
41,1,2
41,2,3
41,3,3
41,4,3
41,5,4
41,6,4
41,7,4
41,8,4
41,9,4
41,10,4
41,11,4
41,12,4
41,13,4
41,14,4
41,15,5
41,16,5
41,17,5
41,18,5
41,19,5
41,20,5
41,21,6
41,22,7
41,23,7
41,24,8
41,25,9
41,26,11
41,27,15
41,28,50
41,29,40
41,30,20
41,31,29
41,32,19
41,33,50
41,34,39
41,35,19
41,36,29
41,37,14
41,38,18
41,39,11
41,40,11
41,41,11
41,42,14
41,43,50
41,44,50
41,45,50
41,46,50
41,47,50
41,48,50
41,49,50
41,50,50
41,51,50
41,52,50
41,53,50
41,54,50
41,55,50
41,56,50
41,57,50
41,58,50
41,59,50
41,60,50
41,61,50
41,62,50
41,63,50
41,64,50
41,65,50
41,66,50
41,67,50
41,68,50
41,69,50
41,70,50
41,71,50
41,72,50
41,73,50
41,74,50
41,75,50
41,76,50
41,77,50
41,78,50
41,79,50
41,80,13
41,81,9
41,82,7
41,83,6
41,84,5
41,85,4
41,86,4
41,87,4
41,88,4
41,89,3
41,90,3
41,91,3
41,92,3
41,93,3
41,94,3
41,95,3
41,96,3
41,97,3
41,98,3
41,99,2
42,0,1
42,1,3
42,2,3
42,3,3
42,4,4
42,5,4
42,6,4
42,7,4
42,8,4
42,9,4
42,10,4
42,11,4
42,12,4
42,13,4
42,14,5
42,15,5
42,16,5
42,17,5
42,18,5
42,19,5
42,20,5
42,21,6
42,22,7
42,23,7
42,24,8
42,25,9
42,26,14
42,27,50
42,28,50
42,29,50
42,30,31
42,31,50
42,32,50
42,33,50
42,34,50
42,35,50
42,36,50
42,37,25
42,38,40
42,39,14
42,40,12
42,41,12
42,42,28
42,43,50
42,44,50
42,45,50
42,46,50
42,47,50
42,48,50
42,49,50
42,50,50
42,51,50
42,52,50
42,53,50
42,54,50
42,55,50
42,56,50
42,57,50
42,58,50
42,59,50
42,60,50
42,61,50
42,62,50
42,63,50
42,64,50
42,65,50
42,66,50
42,67,50
42,68,50
42,69,50
42,70,50
42,71,50
42,72,50
42,73,50
42,74,50
42,75,50
42,76,50
42,77,50
42,78,50
42,79,50
42,80,25
42,81,12
42,82,7
42,83,6
42,84,5
42,85,4
42,86,4
42,87,4
42,88,4
42,89,3
42,90,3
42,91,3
42,92,3
42,93,3
42,94,3
42,95,3
42,96,3
42,97,3
42,98,3
42,99,3
43,0,1
43,1,3
43,2,3
43,3,4
43,4,4
43,5,4
43,6,4
43,7,4
43,8,4
43,9,4
43,10,4
43,11,4
43,12,4
43,13,5
43,14,5
43,15,5
43,16,5
43,17,5
43,18,5
43,19,5
43,20,6
43,21,7
43,22,7
43,23,7
43,24,10
43,25,11
43,26,13
43,27,17
43,28,50
43,29,50
43,30,50
43,31,50
43,32,50
43,33,50
43,34,50
43,35,50
43,36,50
43,37,50
43,38,50
43,39,50
43,40,14
43,41,14
43,42,50
43,43,50
43,44,50
43,45,50
43,46,50
43,47,50
43,48,50
43,49,50
43,50,50
43,51,50
43,52,50
43,53,50
43,54,50
43,55,50
43,56,50
43,57,50
43,58,50
43,59,50
43,60,50
43,61,50
43,62,50
43,63,50
43,64,50
43,65,50
43,66,50
43,67,50
43,68,50
43,69,50
43,70,50
43,71,50
43,72,50
43,73,50
43,74,50
43,75,50
43,76,50
43,77,50
43,78,50
43,79,50
43,80,50
43,81,50
43,82,7
43,83,5
43,84,5
43,85,4
43,86,4
43,87,4
43,88,4
43,89,3
43,90,3
43,91,3
43,92,3
43,93,3
43,94,3
43,95,3
43,96,3
43,97,3
43,98,3
43,99,3
44,0,1
44,1,3
44,2,4
44,3,4
44,4,4
44,5,4
44,6,4
44,7,4
44,8,4
44,9,4
44,10,4
44,11,4
44,12,5
44,13,5
44,14,5
44,15,5
44,16,5
44,17,5
44,18,5
44,19,6
44,20,7
44,21,8
44,22,8
44,23,9
44,24,30
44,25,16
44,26,25
44,27,36
44,28,50
44,29,50
44,30,50
44,31,50
44,32,50
44,33,50
44,34,50
44,35,50
44,36,50
44,37,50
44,38,50
44,39,50
44,40,32
44,41,16
44,42,50
44,43,50
44,44,50
44,45,50
44,46,50
44,47,50
44,48,50
44,49,50
44,50,50
44,51,50
44,52,50
44,53,50
44,54,50
44,55,50
44,56,50
44,57,50
44,58,50
44,59,50
44,60,50
44,61,50
44,62,50
44,63,50
44,64,50
44,65,50
44,66,50
44,67,50
44,68,50
44,69,50
44,70,50
44,71,50
44,72,50
44,73,50
44,74,50
44,75,50
44,76,50
44,77,50
44,78,50
44,79,50
44,80,12
44,81,8
44,82,6
44,83,5
44,84,5
44,85,4
44,86,4
44,87,4
44,88,4
44,89,4
44,90,3
44,91,3
44,92,3
44,93,3
44,94,3
44,95,3
44,96,3
44,97,3
44,98,3
44,99,3
45,0,1
45,1,3
45,2,4
45,3,4
45,4,4
45,5,4
45,6,4
45,7,4
45,8,4
45,9,4
45,10,4
45,11,5
45,12,5
45,13,5
45,14,5
45,15,5
45,16,6
45,17,6
45,18,7
45,19,9
45,20,17
45,21,9
45,22,9
45,23,9
45,24,11
45,25,19
45,26,50
45,27,50
45,28,50
45,29,50
45,30,50
45,31,50
45,32,50
45,33,50
45,34,50
45,35,50
45,36,50
45,37,50
45,38,50
45,39,50
45,40,50
45,41,20
45,42,50
45,43,50
45,44,50
45,45,50
45,46,50
45,47,50
45,48,50
45,49,50
45,50,50
45,51,50
45,52,50
45,53,50
45,54,50
45,55,50
45,56,50
45,57,50
45,58,50
45,59,50
45,60,50
45,61,50
45,62,50
45,63,50
45,64,50
45,65,50
45,66,50
45,67,50
45,68,50
45,69,50
45,70,50
45,71,50
45,72,50
45,73,50
45,74,50
45,75,50
45,76,50
45,77,50
45,78,50
45,79,50
45,80,28
45,81,7
45,82,6
45,83,5
45,84,5
45,85,4
45,86,4
45,87,4
45,88,4
45,89,4
45,90,3
45,91,3
45,92,3
45,93,3
45,94,3
45,95,3
45,96,3
45,97,3
45,98,3
45,99,3
46,0,1
46,1,4
46,2,4
46,3,4
46,4,4
46,5,4
46,6,4
46,7,4
46,8,4
46,9,4
46,10,5
46,11,5
46,12,6
46,13,6
46,14,6
46,15,6
46,16,6
46,17,7
46,18,7
46,19,8
46,20,41
46,21,11
46,22,11
46,23,12
46,24,13
46,25,34
46,26,50
46,27,50
46,28,50
46,29,50
46,30,50
46,31,50
46,32,50
46,33,50
46,34,50
46,35,50
46,36,50
46,37,50
46,38,50
46,39,50
46,40,50
46,41,27
46,42,50
46,43,50
46,44,50
46,45,50
46,46,50
46,47,50
46,48,50
46,49,50
46,50,50
46,51,50
46,52,50
46,53,50
46,54,50
46,55,50
46,56,50
46,57,50
46,58,50
46,59,50
46,60,50
46,61,50
46,62,50
46,63,50
46,64,50
46,65,50
46,66,50
46,67,50
46,68,50
46,69,50
46,70,50
46,71,50
46,72,50
46,73,50
46,74,50
46,75,50
46,76,50
46,77,50
46,78,50
46,79,50
46,80,10
46,81,7
46,82,6
46,83,5
46,84,5
46,85,4
46,86,4
46,87,4
46,88,4
46,89,4
46,90,3
46,91,3
46,92,3
46,93,3
46,94,3
46,95,3
46,96,3
46,97,3
46,98,3
46,99,3
47,0,1
47,1,4
47,2,4
47,3,4
47,4,4
47,5,4
47,6,4
47,7,4
47,8,4
47,9,5
47,10,6
47,11,6
47,12,6
47,13,6
47,14,6
47,15,7
47,16,7
47,17,7
47,18,8
47,19,9
47,20,11
47,21,22
47,22,15
47,23,17
47,24,16
47,25,44
47,26,50
47,27,50
47,28,50
47,29,50
47,30,50
47,31,50
47,32,50
47,33,50
47,34,50
47,35,50
47,36,50
47,37,50
47,38,50
47,39,50
47,40,50
47,41,50
47,42,50
47,43,50
47,44,50
47,45,50
47,46,50
47,47,50
47,48,50
47,49,50
47,50,50
47,51,50
47,52,50
47,53,50
47,54,50
47,55,50
47,56,50
47,57,50
47,58,50
47,59,50
47,60,50
47,61,50
47,62,50
47,63,50
47,64,50
47,65,50
47,66,50
47,67,50
47,68,50
47,69,50
47,70,50
47,71,50
47,72,50
47,73,50
47,74,50
47,75,50
47,76,50
47,77,50
47,78,50
47,79,50
47,80,8
47,81,6
47,82,5
47,83,5
47,84,5
47,85,4
47,86,4
47,87,4
47,88,4
47,89,4
47,90,3
47,91,3
47,92,3
47,93,3
47,94,3
47,95,3
47,96,3
47,97,3
47,98,3
47,99,3
48,0,1
48,1,5
48,2,5
48,3,5
48,4,5
48,5,6
48,6,6
48,7,7
48,8,8
48,9,7
48,10,7
48,11,6
48,12,6
48,13,6
48,14,7
48,15,7
48,16,7
48,17,8
48,18,9
48,19,10
48,20,13
48,21,20
48,22,50
48,23,50
48,24,50
48,25,50
48,26,50
48,27,50
48,28,50
48,29,50
48,30,50
48,31,50
48,32,50
48,33,50
48,34,50
48,35,50
48,36,50
48,37,50
48,38,50
48,39,50
48,40,50
48,41,50
48,42,50
48,43,50
48,44,50
48,45,50
48,46,50
48,47,50
48,48,50
48,49,50
48,50,50
48,51,50
48,52,50
48,53,50
48,54,50
48,55,50
48,56,50
48,57,50
48,58,50
48,59,50
48,60,50
48,61,50
48,62,50
48,63,50
48,64,50
48,65,50
48,66,50
48,67,50
48,68,50
48,69,50
48,70,50
48,71,50
48,72,50
48,73,50
48,74,50
48,75,50
48,76,50
48,77,50
48,78,18
48,79,9
48,80,7
48,81,6
48,82,5
48,83,5
48,84,5
48,85,4
48,86,4
48,87,4
48,88,4
48,89,4
48,90,3
48,91,3
48,92,3
48,93,3
48,94,3
48,95,3
48,96,3
48,97,3
48,98,3
48,99,3
49,0,1
49,1,5
49,2,5
49,3,6
49,4,6
49,5,6
49,6,7
49,7,7
49,8,12
49,9,7
49,10,8
49,11,8
49,12,9
49,13,9
49,14,8
49,15,9
49,16,9
49,17,13
49,18,11
49,19,13
49,20,23
49,21,31
49,22,50
49,23,50
49,24,50
49,25,50
49,26,50
49,27,50
49,28,50
49,29,50
49,30,50
49,31,50
49,32,50
49,33,50
49,34,50
49,35,50
49,36,50
49,37,50
49,38,50
49,39,50
49,40,50
49,41,50
49,42,50
49,43,50
49,44,50
49,45,50
49,46,50
49,47,50
49,48,50
49,49,50
49,50,50
49,51,50
49,52,50
49,53,50
49,54,50
49,55,50
49,56,50
49,57,50
49,58,50
49,59,50
49,60,50
49,61,50
49,62,50
49,63,50
49,64,50
49,65,50
49,66,50
49,67,50
49,68,50
49,69,50
49,70,50
49,71,50
49,72,50
49,73,50
49,74,50
49,75,50
49,76,50
49,77,50
49,78,9
49,79,8
49,80,7
49,81,6
49,82,5
49,83,5
49,84,5
49,85,4
49,86,4
49,87,4
49,88,4
49,89,4
49,90,3
49,91,3
49,92,3
49,93,3
49,94,3
49,95,3
49,96,3
49,97,3
49,98,3
49,99,3
50,0,50
50,1,50
50,2,50
50,3,50
50,4,50
50,5,50
50,6,50
50,7,50
50,8,50
50,9,50
50,10,50
50,11,50
50,12,50
50,13,50
50,14,50
50,15,50
50,16,50
50,17,50
50,18,50
50,19,50
50,20,50
50,21,50
50,22,50
50,23,50
50,24,50
50,25,50
50,26,50
50,27,50
50,28,50
50,29,50
50,30,50
50,31,50
50,32,50
50,33,50
50,34,50
50,35,50
50,36,50
50,37,50
50,38,50
50,39,50
50,40,50
50,41,50
50,42,50
50,43,50
50,44,50
50,45,50
50,46,50
50,47,50
50,48,50
50,49,50
50,50,50
50,51,50
50,52,50
50,53,50
50,54,50
50,55,50
50,56,50
50,57,50
50,58,50
50,59,50
50,60,50
50,61,50
50,62,50
50,63,50
50,64,50
50,65,50
50,66,50
50,67,50
50,68,50
50,69,50
50,70,50
50,71,50
50,72,50
50,73,50
50,74,50
50,75,50
50,76,16
50,77,11
50,78,9
50,79,7
50,80,7
50,81,6
50,82,5
50,83,5
50,84,5
50,85,4
50,86,4
50,87,4
50,88,4
50,89,4
50,90,3
50,91,3
50,92,3
50,93,3
50,94,3
50,95,3
50,96,3
50,97,3
50,98,3
50,99,3
51,0,1
51,1,5
51,2,5
51,3,6
51,4,6
51,5,6
51,6,7
51,7,7
51,8,12
51,9,7
51,10,8
51,11,8
51,12,9
51,13,9
51,14,8
51,15,9
51,16,9
51,17,13
51,18,11
51,19,13
51,20,23
51,21,31
51,22,50
51,23,50
51,24,50
51,25,50
51,26,50
51,27,50
51,28,50
51,29,50
51,30,50
51,31,50
51,32,50
51,33,50
51,34,50
51,35,50
51,36,50
51,37,50
51,38,50
51,39,50
51,40,50
51,41,50
51,42,50
51,43,50
51,44,50
51,45,50
51,46,50
51,47,50
51,48,50
51,49,50
51,50,50
51,51,50
51,52,50
51,53,50
51,54,50
51,55,50
51,56,50
51,57,50
51,58,50
51,59,50
51,60,50
51,61,50
51,62,50
51,63,50
51,64,50
51,65,50
51,66,50
51,67,50
51,68,50
51,69,50
51,70,50
51,71,50
51,72,50
51,73,50
51,74,50
51,75,50
51,76,50
51,77,50
51,78,9
51,79,8
51,80,7
51,81,6
51,82,5
51,83,5
51,84,5
51,85,4
51,86,4
51,87,4
51,88,4
51,89,4
51,90,3
51,91,3
51,92,3
51,93,3
51,94,3
51,95,3
51,96,3
51,97,3
51,98,3
51,99,3
52,0,1
52,1,5
52,2,5
52,3,5
52,4,5
52,5,6
52,6,6
52,7,7
52,8,8
52,9,7
52,10,7
52,11,6
52,12,6
52,13,6
52,14,7
52,15,7
52,16,7
52,17,8
52,18,9
52,19,10
52,20,13
52,21,20
52,22,50
52,23,50
52,24,50
52,25,50
52,26,50
52,27,50
52,28,50
52,29,50
52,30,50
52,31,50
52,32,50
52,33,50
52,34,50
52,35,50
52,36,50
52,37,50
52,38,50
52,39,50
52,40,50
52,41,50
52,42,50
52,43,50
52,44,50
52,45,50
52,46,50
52,47,50
52,48,50
52,49,50
52,50,50
52,51,50
52,52,50
52,53,50
52,54,50
52,55,50
52,56,50
52,57,50
52,58,50
52,59,50
52,60,50
52,61,50
52,62,50
52,63,50
52,64,50
52,65,50
52,66,50
52,67,50
52,68,50
52,69,50
52,70,50
52,71,50
52,72,50
52,73,50
52,74,50
52,75,50
52,76,50
52,77,50
52,78,18
52,79,9
52,80,7
52,81,6
52,82,5
52,83,5
52,84,5
52,85,4
52,86,4
52,87,4
52,88,4
52,89,4
52,90,3
52,91,3
52,92,3
52,93,3
52,94,3
52,95,3
52,96,3
52,97,3
52,98,3
52,99,3
53,0,1
53,1,4
53,2,4
53,3,4
53,4,4
53,5,4
53,6,4
53,7,4
53,8,4
53,9,5
53,10,6
53,11,6
53,12,6
53,13,6
53,14,6
53,15,7
53,16,7
53,17,7
53,18,8
53,19,9
53,20,11
53,21,22
53,22,15
53,23,17
53,24,16
53,25,44
53,26,50
53,27,50
53,28,50
53,29,50
53,30,50
53,31,50
53,32,50
53,33,50
53,34,50
53,35,50
53,36,50
53,37,50
53,38,50
53,39,50
53,40,50
53,41,50
53,42,50
53,43,50
53,44,50
53,45,50
53,46,50
53,47,50
53,48,50
53,49,50
53,50,50
53,51,50
53,52,50
53,53,50
53,54,50
53,55,50
53,56,50
53,57,50
53,58,50
53,59,50
53,60,50
53,61,50
53,62,50
53,63,50
53,64,50
53,65,50
53,66,50
53,67,50
53,68,50
53,69,50
53,70,50
53,71,50
53,72,50
53,73,50
53,74,50
53,75,50
53,76,50
53,77,50
53,78,50
53,79,50
53,80,8
53,81,6
53,82,5
53,83,5
53,84,5
53,85,4
53,86,4
53,87,4
53,88,4
53,89,4
53,90,3
53,91,3
53,92,3
53,93,3
53,94,3
53,95,3
53,96,3
53,97,3
53,98,3
53,99,3
54,0,1
54,1,4
54,2,4
54,3,4
54,4,4
54,5,4
54,6,4
54,7,4
54,8,4
54,9,4
54,10,5
54,11,5
54,12,6
54,13,6
54,14,6
54,15,6
54,16,6
54,17,7
54,18,7
54,19,8
54,20,41
54,21,11
54,22,11
54,23,12
54,24,13
54,25,34
54,26,50
54,27,50
54,28,50
54,29,50
54,30,50
54,31,50
54,32,50
54,33,50
54,34,50
54,35,50
54,36,50
54,37,50
54,38,50
54,39,50
54,40,50
54,41,27
54,42,50
54,43,50
54,44,50
54,45,50
54,46,50
54,47,50
54,48,50
54,49,50
54,50,50
54,51,50
54,52,50
54,53,50
54,54,50
54,55,50
54,56,50
54,57,50
54,58,50
54,59,50
54,60,50
54,61,50
54,62,50
54,63,50
54,64,50
54,65,50
54,66,50
54,67,50
54,68,50
54,69,50
54,70,50
54,71,50
54,72,50
54,73,50
54,74,50
54,75,50
54,76,50
54,77,50
54,78,50
54,79,50
54,80,10
54,81,7
54,82,6
54,83,5
54,84,5
54,85,4
54,86,4
54,87,4
54,88,4
54,89,4
54,90,3
54,91,3
54,92,3
54,93,3
54,94,3
54,95,3
54,96,3
54,97,3
54,98,3
54,99,3
55,0,1
55,1,3
55,2,4
55,3,4
55,4,4
55,5,4
55,6,4
55,7,4
55,8,4
55,9,4
55,10,4
55,11,5
55,12,5
55,13,5
55,14,5
55,15,5
55,16,6
55,17,6
55,18,7
55,19,9
55,20,17
55,21,9
55,22,9
55,23,9
55,24,11
55,25,19
55,26,50
55,27,50
55,28,50
55,29,50
55,30,50
55,31,50
55,32,50
55,33,50
55,34,50
55,35,50
55,36,50
55,37,50
55,38,50
55,39,50
55,40,50
55,41,20
55,42,50
55,43,50
55,44,50
55,45,50
55,46,50
55,47,50
55,48,50
55,49,50
55,50,50
55,51,50
55,52,50
55,53,50
55,54,50
55,55,50
55,56,50
55,57,50
55,58,50
55,59,50
55,60,50
55,61,50
55,62,50
55,63,50
55,64,50
55,65,50
55,66,50
55,67,50
55,68,50
55,69,50
55,70,50
55,71,50
55,72,50
55,73,50
55,74,50
55,75,50
55,76,50
55,77,50
55,78,50
55,79,50
55,80,28
55,81,7
55,82,6
55,83,5
55,84,5
55,85,4
55,86,4
55,87,4
55,88,4
55,89,4
55,90,3
55,91,3
55,92,3
55,93,3
55,94,3
55,95,3
55,96,3
55,97,3
55,98,3
55,99,3
56,0,1
56,1,3
56,2,4
56,3,4
56,4,4
56,5,4
56,6,4
56,7,4
56,8,4
56,9,4
56,10,4
56,11,4
56,12,5
56,13,5
56,14,5
56,15,5
56,16,5
56,17,5
56,18,5
56,19,6
56,20,7
56,21,8
56,22,8
56,23,9
56,24,30
56,25,16
56,26,25
56,27,36
56,28,50
56,29,50
56,30,50
56,31,50
56,32,50
56,33,50
56,34,50
56,35,50
56,36,50
56,37,50
56,38,50
56,39,50
56,40,32
56,41,16
56,42,50
56,43,50
56,44,50
56,45,50
56,46,50
56,47,50
56,48,50
56,49,50
56,50,50
56,51,50
56,52,50
56,53,50
56,54,50
56,55,50
56,56,50
56,57,50
56,58,50
56,59,50
56,60,50
56,61,50
56,62,50
56,63,50
56,64,50
56,65,50
56,66,50
56,67,50
56,68,50
56,69,50
56,70,50
56,71,50
56,72,50
56,73,50
56,74,50
56,75,50
56,76,50
56,77,50
56,78,50
56,79,50
56,80,12
56,81,8
56,82,6
56,83,5
56,84,5
56,85,4
56,86,4
56,87,4
56,88,4
56,89,4
56,90,3
56,91,3
56,92,3
56,93,3
56,94,3
56,95,3
56,96,3
56,97,3
56,98,3
56,99,3
57,0,1
57,1,3
57,2,3
57,3,4
57,4,4
57,5,4
57,6,4
57,7,4
57,8,4
57,9,4
57,10,4
57,11,4
57,12,4
57,13,5
57,14,5
57,15,5
57,16,5
57,17,5
57,18,5
57,19,5
57,20,6
57,21,7
57,22,7
57,23,7
57,24,10
57,25,11
57,26,13
57,27,17
57,28,50
57,29,50
57,30,50
57,31,50
57,32,50
57,33,50
57,34,50
57,35,50
57,36,50
57,37,50
57,38,50
57,39,50
57,40,14
57,41,14
57,42,50
57,43,50
57,44,50
57,45,50
57,46,50
57,47,50
57,48,50
57,49,50
57,50,50
57,51,50
57,52,50
57,53,50
57,54,50
57,55,50
57,56,50
57,57,50
57,58,50
57,59,50
57,60,50
57,61,50
57,62,50
57,63,50
57,64,50
57,65,50
57,66,50
57,67,50
57,68,50
57,69,50
57,70,50
57,71,50
57,72,50
57,73,50
57,74,50
57,75,50
57,76,50
57,77,50
57,78,50
57,79,50
57,80,50
57,81,50
57,82,7
57,83,5
57,84,5
57,85,4
57,86,4
57,87,4
57,88,4
57,89,3
57,90,3
57,91,3
57,92,3
57,93,3
57,94,3
57,95,3
57,96,3
57,97,3
57,98,3
57,99,3
58,0,1
58,1,3
58,2,3
58,3,3
58,4,4
58,5,4
58,6,4
58,7,4
58,8,4
58,9,4
58,10,4
58,11,4
58,12,4
58,13,4
58,14,5
58,15,5
58,16,5
58,17,5
58,18,5
58,19,5
58,20,5
58,21,6
58,22,7
58,23,7
58,24,8
58,25,9
58,26,14
58,27,50
58,28,50
58,29,50
58,30,31
58,31,50
58,32,50
58,33,50
58,34,50
58,35,50
58,36,50
58,37,25
58,38,40
58,39,14
58,40,12
58,41,12
58,42,28
58,43,50
58,44,50
58,45,50
58,46,50
58,47,50
58,48,50
58,49,50
58,50,50
58,51,50
58,52,50
58,53,50
58,54,50
58,55,50
58,56,50
58,57,50
58,58,50
58,59,50
58,60,50
58,61,50
58,62,50
58,63,50
58,64,50
58,65,50
58,66,50
58,67,50
58,68,50
58,69,50
58,70,50
58,71,50
58,72,50
58,73,50
58,74,50
58,75,50
58,76,50
58,77,50
58,78,50
58,79,50
58,80,25
58,81,12
58,82,7
58,83,6
58,84,5
58,85,4
58,86,4
58,87,4
58,88,4
58,89,3
58,90,3
58,91,3
58,92,3
58,93,3
58,94,3
58,95,3
58,96,3
58,97,3
58,98,3
58,99,3
59,0,1
59,1,2
59,2,3
59,3,3
59,4,3
59,5,4
59,6,4
59,7,4
59,8,4
59,9,4
59,10,4
59,11,4
59,12,4
59,13,4
59,14,4
59,15,5
59,16,5
59,17,5
59,18,5
59,19,5
59,20,5
59,21,6
59,22,7
59,23,7
59,24,8
59,25,9
59,26,11
59,27,15
59,28,50
59,29,40
59,30,20
59,31,29
59,32,19
59,33,50
59,34,39
59,35,19
59,36,29
59,37,14
59,38,18
59,39,11
59,40,11
59,41,11
59,42,14
59,43,50
59,44,50
59,45,50
59,46,50
59,47,50
59,48,50
59,49,50
59,50,50
59,51,50
59,52,50
59,53,50
59,54,50
59,55,50
59,56,50
59,57,50
59,58,50
59,59,50
59,60,50
59,61,50
59,62,50
59,63,50
59,64,50
59,65,50
59,66,50
59,67,50
59,68,50
59,69,50
59,70,50
59,71,50
59,72,50
59,73,50
59,74,50
59,75,50
59,76,50
59,77,50
59,78,50
59,79,50
59,80,13
59,81,9
59,82,7
59,83,6
59,84,5
59,85,4
59,86,4
59,87,4
59,88,4
59,89,3
59,90,3
59,91,3
59,92,3
59,93,3
59,94,3
59,95,3
59,96,3
59,97,3
59,98,3
59,99,2
60,0,1
60,1,2
60,2,3
60,3,3
60,4,3
60,5,3
60,6,4
60,7,4
60,8,4
60,9,4
60,10,4
60,11,4
60,12,4
60,13,4
60,14,4
60,15,4
60,16,5
60,17,5
60,18,5
60,19,5
60,20,5
60,21,6
60,22,6
60,23,7
60,24,8
60,25,10
60,26,12
60,27,30
60,28,50
60,29,15
60,30,12
60,31,12
60,32,14
60,33,23
60,34,45
60,35,13
60,36,16
60,37,10
60,38,9
60,39,9
60,40,9
60,41,10
60,42,12
60,43,26
60,44,50
60,45,50
60,46,50
60,47,50
60,48,50
60,49,50
60,50,50
60,51,50
60,52,50
60,53,50
60,54,50
60,55,50
60,56,50
60,57,50
60,58,50
60,59,50
60,60,50
60,61,50
60,62,50
60,63,50
60,64,50
60,65,50
60,66,50
60,67,50
60,68,50
60,69,50
60,70,50
60,71,50
60,72,50
60,73,50
60,74,50
60,75,50
60,76,50
60,77,50
60,78,50
60,79,50
60,80,15
60,81,9
60,82,7
60,83,6
60,84,5
60,85,4
60,86,4
60,87,4
60,88,4
60,89,3
60,90,3
60,91,3
60,92,3
60,93,3
60,94,3
60,95,3
60,96,3
60,97,3
60,98,3
60,99,2
61,0,1
61,1,2
61,2,3
61,3,3
61,4,3
61,5,3
61,6,3
61,7,3
61,8,4
61,9,4
61,10,4
61,11,4
61,12,4
61,13,4
61,14,4
61,15,4
61,16,4
61,17,5
61,18,5
61,19,5
61,20,5
61,21,6
61,22,6
61,23,7
61,24,9
61,25,19
61,26,12
61,27,12
61,28,13
61,29,10
61,30,9
61,31,10
61,32,28
61,33,27
61,34,10
61,35,10
61,36,11
61,37,9
61,38,8
61,39,9
61,40,9
61,41,9
61,42,11
61,43,16
61,44,50
61,45,50
61,46,50
61,47,50
61,48,50
61,49,50
61,50,50
61,51,50
61,52,50
61,53,50
61,54,50
61,55,50
61,56,50
61,57,50
61,58,50
61,59,50
61,60,50
61,61,50
61,62,50
61,63,50
61,64,50
61,65,50
61,66,50
61,67,50
61,68,50
61,69,50
61,70,50
61,71,50
61,72,50
61,73,50
61,74,50
61,75,50
61,76,50
61,77,50
61,78,50
61,79,50
61,80,50
61,81,18
61,82,19
61,83,6
61,84,5
61,85,4
61,86,4
61,87,4
61,88,4
61,89,3
61,90,3
61,91,3
61,92,3
61,93,3
61,94,3
61,95,3
61,96,3
61,97,3
61,98,3
61,99,2
62,0,1
62,1,1
62,2,3
62,3,3
62,4,3
62,5,3
62,6,3
62,7,3
62,8,3
62,9,3
62,10,4
62,11,4
62,12,4
62,13,4
62,14,4
62,15,4
62,16,4
62,17,4
62,18,5
62,19,5
62,20,5
62,21,5
62,22,6
62,23,6
62,24,10
62,25,12
62,26,9
62,27,8
62,28,8
62,29,7
62,30,8
62,31,8
62,32,18
62,33,10
62,34,8
62,35,8
62,36,7
62,37,7
62,38,7
62,39,8
62,40,8
62,41,8
62,42,10
62,43,43
62,44,50
62,45,50
62,46,50
62,47,50
62,48,50
62,49,50
62,50,50
62,51,50
62,52,50
62,53,50
62,54,50
62,55,50
62,56,50
62,57,50
62,58,50
62,59,50
62,60,50
62,61,50
62,62,50
62,63,50
62,64,50
62,65,50
62,66,50
62,67,50
62,68,50
62,69,50
62,70,50
62,71,50
62,72,50
62,73,50
62,74,50
62,75,50
62,76,50
62,77,50
62,78,50
62,79,50
62,80,32
62,81,17
62,82,10
62,83,6
62,84,5
62,85,4
62,86,4
62,87,4
62,88,3
62,89,3
62,90,3
62,91,3
62,92,3
62,93,3
62,94,3
62,95,3
62,96,3
62,97,3
62,98,3
62,99,2
63,0,1
63,1,1
63,2,2
63,3,3
63,4,3
63,5,3
63,6,3
63,7,3
63,8,3
63,9,3
63,10,3
63,11,3
63,12,3
63,13,4
63,14,4
63,15,4
63,16,4
63,17,4
63,18,4
63,19,4
63,20,5
63,21,5
63,22,6
63,23,6
63,24,8
63,25,19
63,26,8
63,27,7
63,28,7
63,29,7
63,30,7
63,31,7
63,32,9
63,33,8
63,34,7
63,35,7
63,36,7
63,37,7
63,38,7
63,39,7
63,40,8
63,41,8
63,42,9
63,43,10
63,44,14
63,45,29
63,46,50
63,47,50
63,48,50
63,49,50
63,50,50
63,51,50
63,52,50
63,53,50
63,54,50
63,55,50
63,56,50
63,57,50
63,58,50
63,59,50
63,60,50
63,61,50
63,62,50
63,63,50
63,64,50
63,65,50
63,66,50
63,67,50
63,68,50
63,69,50
63,70,50
63,71,50
63,72,50
63,73,50
63,74,50
63,75,50
63,76,50
63,77,50
63,78,27
63,79,13
63,80,11
63,81,10
63,82,18
63,83,6
63,84,5
63,85,4
63,86,4
63,87,4
63,88,3
63,89,3
63,90,3
63,91,3
63,92,3
63,93,3
63,94,3
63,95,3
63,96,3
63,97,3
63,98,2
63,99,2
64,0,1
64,1,1
64,2,2
64,3,3
64,4,3
64,5,3
64,6,3
64,7,3
64,8,3
64,9,3
64,10,3
64,11,3
64,12,3
64,13,3
64,14,3
64,15,3
64,16,4
64,17,4
64,18,4
64,19,4
64,20,4
64,21,5
64,22,5
64,23,6
64,24,12
64,25,9
64,26,6
64,27,6
64,28,6
64,29,6
64,30,6
64,31,6
64,32,6
64,33,6
64,34,6
64,35,6
64,36,6
64,37,7
64,38,7
64,39,7
64,40,7
64,41,8
64,42,8
64,43,10
64,44,14
64,45,36
64,46,50
64,47,50
64,48,50
64,49,50
64,50,50
64,51,50
64,52,50
64,53,50
64,54,50
64,55,50
64,56,50
64,57,50
64,58,50
64,59,50
64,60,50
64,61,50
64,62,50
64,63,50
64,64,50
64,65,50
64,66,50
64,67,50
64,68,50
64,69,50
64,70,50
64,71,50
64,72,50
64,73,50
64,74,50
64,75,50
64,76,50
64,77,50
64,78,50
64,79,10
64,80,8
64,81,8
64,82,7
64,83,5
64,84,5
64,85,4
64,86,4
64,87,4
64,88,3
64,89,3
64,90,3
64,91,3
64,92,3
64,93,3
64,94,3
64,95,3
64,96,3
64,97,3
64,98,2
64,99,2
65,0,1
65,1,1
65,2,2
65,3,3
65,4,3
65,5,3
65,6,3
65,7,3
65,8,3
65,9,3
65,10,3
65,11,3
65,12,3
65,13,3
65,14,3
65,15,3
65,16,3
65,17,3
65,18,3
65,19,4
65,20,4
65,21,4
65,22,4
65,23,5
65,24,6
65,25,6
65,26,6
65,27,6
65,28,6
65,29,6
65,30,5
65,31,5
65,32,5
65,33,5
65,34,5
65,35,6
65,36,6
65,37,6
65,38,6
65,39,6
65,40,7
65,41,7
65,42,8
65,43,10
65,44,29
65,45,50
65,46,50
65,47,50
65,48,50
65,49,50
65,50,50
65,51,50
65,52,50
65,53,50
65,54,50
65,55,50
65,56,50
65,57,50
65,58,50
65,59,50
65,60,50
65,61,50
65,62,50
65,63,50
65,64,50
65,65,50
65,66,50
65,67,50
65,68,50
65,69,50
65,70,50
65,71,50
65,72,50
65,73,50
65,74,50
65,75,50
65,76,50
65,77,50
65,78,12
65,79,9
65,80,7
65,81,7
65,82,6
65,83,5
65,84,5
65,85,4
65,86,4
65,87,3
65,88,3
65,89,3
65,90,3
65,91,3
65,92,3
65,93,3
65,94,3
65,95,3
65,96,3
65,97,3
65,98,2
65,99,2
66,0,1
66,1,1
66,2,2
66,3,2
66,4,3
66,5,3
66,6,3
66,7,3
66,8,3
66,9,3
66,10,3
66,11,3
66,12,3
66,13,3
66,14,3
66,15,3
66,16,3
66,17,3
66,18,3
66,19,3
66,20,3
66,21,4
66,22,4
66,23,4
66,24,4
66,25,5
66,26,5
66,27,5
66,28,5
66,29,5
66,30,5
66,31,5
66,32,5
66,33,5
66,34,5
66,35,5
66,36,5
66,37,6
66,38,6
66,39,6
66,40,6
66,41,6
66,42,7
66,43,10
66,44,12
66,45,45
66,46,14
66,47,19
66,48,50
66,49,50
66,50,50
66,51,50
66,52,50
66,53,50
66,54,50
66,55,50
66,56,50
66,57,50
66,58,50
66,59,50
66,60,50
66,61,50
66,62,50
66,63,50
66,64,50
66,65,50
66,66,50
66,67,50
66,68,50
66,69,50
66,70,50
66,71,50
66,72,50
66,73,50
66,74,50
66,75,50
66,76,30
66,77,19
66,78,11
66,79,9
66,80,7
66,81,6
66,82,6
66,83,5
66,84,5
66,85,4
66,86,4
66,87,3
66,88,3
66,89,3
66,90,3
66,91,3
66,92,3
66,93,3
66,94,3
66,95,3
66,96,3
66,97,2
66,98,2
66,99,2
67,0,1
67,1,1
67,2,1
67,3,2
67,4,3
67,5,3
67,6,3
67,7,3
67,8,3
67,9,3
67,10,3
67,11,3
67,12,3
67,13,3
67,14,3
67,15,3
67,16,3
67,17,3
67,18,3
67,19,3
67,20,3
67,21,3
67,22,3
67,23,4
67,24,4
67,25,4
67,26,4
67,27,5
67,28,5
67,29,5
67,30,5
67,31,5
67,32,5
67,33,5
67,34,5
67,35,5
67,36,5
67,37,5
67,38,5
67,39,6
67,40,6
67,41,6
67,42,6
67,43,7
67,44,8
67,45,10
67,46,10
67,47,12
67,48,16
67,49,28
67,50,50
67,51,50
67,52,50
67,53,50
67,54,50
67,55,50
67,56,50
67,57,50
67,58,50
67,59,50
67,60,50
67,61,50
67,62,50
67,63,50
67,64,50
67,65,50
67,66,50
67,67,50
67,68,50
67,69,50
67,70,50
67,71,50
67,72,50
67,73,50
67,74,50
67,75,50
67,76,50
67,77,50
67,78,50
67,79,10
67,80,7
67,81,6
67,82,5
67,83,5
67,84,4
67,85,4
67,86,4
67,87,3
67,88,3
67,89,3
67,90,3
67,91,3
67,92,3
67,93,3
67,94,3
67,95,3
67,96,3
67,97,2
67,98,2
67,99,2
68,0,1
68,1,1
68,2,1
68,3,2
68,4,2
68,5,3
68,6,3
68,7,3
68,8,3
68,9,3
68,10,3
68,11,3
68,12,3
68,13,3
68,14,3
68,15,3
68,16,3
68,17,3
68,18,3
68,19,3
68,20,3
68,21,3
68,22,3
68,23,3
68,24,3
68,25,4
68,26,4
68,27,4
68,28,4
68,29,5
68,30,5
68,31,5
68,32,5
68,33,5
68,34,5
68,35,5
68,36,5
68,37,5
68,38,5
68,39,5
68,40,6
68,41,6
68,42,6
68,43,6
68,44,7
68,45,8
68,46,9
68,47,12
68,48,19
68,49,50
68,50,50
68,51,50
68,52,50
68,53,50
68,54,50
68,55,50
68,56,50
68,57,50
68,58,50
68,59,50
68,60,50
68,61,50
68,62,50
68,63,50
68,64,50
68,65,50
68,66,50
68,67,50
68,68,50
68,69,50
68,70,50
68,71,50
68,72,50
68,73,50
68,74,26
68,75,50
68,76,50
68,77,50
68,78,23
68,79,11
68,80,8
68,81,6
68,82,5
68,83,5
68,84,4
68,85,4
68,86,3
68,87,3
68,88,3
68,89,3
68,90,3
68,91,3
68,92,3
68,93,3
68,94,3
68,95,3
68,96,2
68,97,2
68,98,2
68,99,2
69,0,1
69,1,1
69,2,1
69,3,2
69,4,2
69,5,3
69,6,3
69,7,3
69,8,3
69,9,3
69,10,3
69,11,3
69,12,3
69,13,3
69,14,3
69,15,3
69,16,3
69,17,3
69,18,3
69,19,3
69,20,3
69,21,3
69,22,3
69,23,3
69,24,3
69,25,3
69,26,3
69,27,4
69,28,4
69,29,4
69,30,4
69,31,5
69,32,5
69,33,5
69,34,5
69,35,5
69,36,5
69,37,5
69,38,5
69,39,5
69,40,5
69,41,6
69,42,6
69,43,6
69,44,7
69,45,8
69,46,9
69,47,12
69,48,25
69,49,50
69,50,50
69,51,50
69,52,50
69,53,50
69,54,50
69,55,50
69,56,50
69,57,50
69,58,50
69,59,50
69,60,50
69,61,50
69,62,50
69,63,50
69,64,50
69,65,50
69,66,50
69,67,50
69,68,50
69,69,50
69,70,50
69,71,50
69,72,50
69,73,21
69,74,15
69,75,50
69,76,50
69,77,39
69,78,50
69,79,14
69,80,12
69,81,6
69,82,5
69,83,5
69,84,4
69,85,4
69,86,3
69,87,3
69,88,3
69,89,3
69,90,3
69,91,3
69,92,3
69,93,3
69,94,3
69,95,3
69,96,2
69,97,2
69,98,2
69,99,2
70,0,1
70,1,1
70,2,1
70,3,1
70,4,2
70,5,2
70,6,3
70,7,3
70,8,3
70,9,3
70,10,3
70,11,3
70,12,3
70,13,3
70,14,3
70,15,3
70,16,3
70,17,3
70,18,3
70,19,3
70,20,3
70,21,3
70,22,3
70,23,3
70,24,3
70,25,3
70,26,3
70,27,3
70,28,4
70,29,4
70,30,4
70,31,4
70,32,4
70,33,4
70,34,5
70,35,5
70,36,5
70,37,5
70,38,5
70,39,5
70,40,5
70,41,5
70,42,6
70,43,6
70,44,6
70,45,7
70,46,10
70,47,13
70,48,50
70,49,50
70,50,50
70,51,50
70,52,15
70,53,50
70,54,50
70,55,50
70,56,50
70,57,50
70,58,50
70,59,50
70,60,50
70,61,50
70,62,50
70,63,50
70,64,50
70,65,50
70,66,50
70,67,50
70,68,50
70,69,50
70,70,50
70,71,50
70,72,16
70,73,13
70,74,11
70,75,14
70,76,26
70,77,15
70,78,14
70,79,18
70,80,15
70,81,7
70,82,5
70,83,4
70,84,4
70,85,3
70,86,3
70,87,3
70,88,3
70,89,3
70,90,3
70,91,3
70,92,3
70,93,3
70,94,3
70,95,2
70,96,2
70,97,2
70,98,2
70,99,2
71,0,1
71,1,1
71,2,1
71,3,1
71,4,2
71,5,2
71,6,3
71,7,3
71,8,3
71,9,3
71,10,3
71,11,3
71,12,3
71,13,3
71,14,3
71,15,3
71,16,3
71,17,3
71,18,3
71,19,3
71,20,3
71,21,3
71,22,3
71,23,3
71,24,3
71,25,3
71,26,3
71,27,3
71,28,3
71,29,4
71,30,4
71,31,4
71,32,4
71,33,4
71,34,4
71,35,4
71,36,4
71,37,5
71,38,5
71,39,5
71,40,5
71,41,5
71,42,5
71,43,6
71,44,6
71,45,7
71,46,9
71,47,34
71,48,26
71,49,47
71,50,20
71,51,15
71,52,11
71,53,13
71,54,32
71,55,50
71,56,50
71,57,50
71,58,50
71,59,50
71,60,50
71,61,50
71,62,50
71,63,50
71,64,50
71,65,50
71,66,50
71,67,50
71,68,50
71,69,23
71,70,26
71,71,50
71,72,17
71,73,10
71,74,9
71,75,10
71,76,10
71,77,10
71,78,12
71,79,14
71,80,8
71,81,6
71,82,5
71,83,4
71,84,4
71,85,3
71,86,3
71,87,3
71,88,3
71,89,3
71,90,3
71,91,3
71,92,3
71,93,3
71,94,3
71,95,2
71,96,2
71,97,2
71,98,2
71,99,2
72,0,1
72,1,1
72,2,1
72,3,1
72,4,2
72,5,2
72,6,2
72,7,3
72,8,3
72,9,3
72,10,3
72,11,3
72,12,3
72,13,3
72,14,3
72,15,3
72,16,3
72,17,3
72,18,3
72,19,3
72,20,3
72,21,3
72,22,3
72,23,3
72,24,3
72,25,3
72,26,3
72,27,3
72,28,3
72,29,3
72,30,3
72,31,4
72,32,4
72,33,4
72,34,4
72,35,4
72,36,4
72,37,4
72,38,4
72,39,5
72,40,5
72,41,5
72,42,5
72,43,5
72,44,6
72,45,7
72,46,10
72,47,29
72,48,21
72,49,19
72,50,11
72,51,9
72,52,9
72,53,11
72,54,42
72,55,38
72,56,14
72,57,50
72,58,47
72,59,24
72,60,24
72,61,50
72,62,50
72,63,50
72,64,50
72,65,23
72,66,19
72,67,50
72,68,17
72,69,14
72,70,12
72,71,25
72,72,19
72,73,8
72,74,8
72,75,7
72,76,7
72,77,8
72,78,9
72,79,12
72,80,7
72,81,5
72,82,4
72,83,4
72,84,4
72,85,3
72,86,3
72,87,3
72,88,3
72,89,3
72,90,3
72,91,3
72,92,3
72,93,3
72,94,2
72,95,2
72,96,2
72,97,2
72,98,2
72,99,2
73,0,1
73,1,1
73,2,1
73,3,1
73,4,1
73,5,2
73,6,2
73,7,2
73,8,3
73,9,3
73,10,3
73,11,3
73,12,3
73,13,3
73,14,3
73,15,3
73,16,3
73,17,3
73,18,3
73,19,3
73,20,3
73,21,3
73,22,3
73,23,3
73,24,3
73,25,3
73,26,3
73,27,3
73,28,3
73,29,3
73,30,3
73,31,3
73,32,4
73,33,4
73,34,4
73,35,4
73,36,4
73,37,4
73,38,4
73,39,4
73,40,4
73,41,5
73,42,5
73,43,5
73,44,5
73,45,6
73,46,9
73,47,9
73,48,9
73,49,17
73,50,10
73,51,8
73,52,8
73,53,9
73,54,10
73,55,10
73,56,10
73,57,11
73,58,13
73,59,19
73,60,50
73,61,50
73,62,50
73,63,50
73,64,50
73,65,50
73,66,16
73,67,12
73,68,11
73,69,9
73,70,9
73,71,21
73,72,8
73,73,7
73,74,6
73,75,6
73,76,6
73,77,7
73,78,8
73,79,9
73,80,6
73,81,5
73,82,4
73,83,4
73,84,3
73,85,3
73,86,3
73,87,3
73,88,3
73,89,3
73,90,3
73,91,3
73,92,3
73,93,2
73,94,2
73,95,2
73,96,2
73,97,2
73,98,2
73,99,2
74,0,1
74,1,1
74,2,1
74,3,1
74,4,1
74,5,2
74,6,2
74,7,2
74,8,3
74,9,3
74,10,3
74,11,3
74,12,3
74,13,3
74,14,3
74,15,3
74,16,3
74,17,3
74,18,3
74,19,3
74,20,3
74,21,3
74,22,3
74,23,3
74,24,3
74,25,3
74,26,3
74,27,3
74,28,3
74,29,3
74,30,3
74,31,3
74,32,3
74,33,4
74,34,4
74,35,4
74,36,4
74,37,4
74,38,4
74,39,4
74,40,4
74,41,4
74,42,4
74,43,5
74,44,5
74,45,5
74,46,6
74,47,7
74,48,7
74,49,7
74,50,7
74,51,7
74,52,7
74,53,7
74,54,7
74,55,8
74,56,9
74,57,10
74,58,12
74,59,50
74,60,50
74,61,50
74,62,50
74,63,50
74,64,50
74,65,50
74,66,26
74,67,12
74,68,9
74,69,8
74,70,8
74,71,7
74,72,6
74,73,6
74,74,6
74,75,6
74,76,6
74,77,6
74,78,6
74,79,5
74,80,5
74,81,4
74,82,4
74,83,4
74,84,3
74,85,3
74,86,3
74,87,3
74,88,3
74,89,3
74,90,3
74,91,3
74,92,3
74,93,2
74,94,2
74,95,2
74,96,2
74,97,2
74,98,2
74,99,2
75,0,1
75,1,1
75,2,1
75,3,1
75,4,1
75,5,2
75,6,2
75,7,2
75,8,2
75,9,3
75,10,3
75,11,3
75,12,3
75,13,3
75,14,3
75,15,3
75,16,3
75,17,3
75,18,3
75,19,3
75,20,3
75,21,3
75,22,3
75,23,3
75,24,3
75,25,3
75,26,3
75,27,3
75,28,3
75,29,3
75,30,3
75,31,3
75,32,3
75,33,3
75,34,4
75,35,4
75,36,4
75,37,4
75,38,4
75,39,4
75,40,4
75,41,4
75,42,4
75,43,4
75,44,4
75,45,5
75,46,5
75,47,5
75,48,6
75,49,6
75,50,6
75,51,6
75,52,6
75,53,7
75,54,7
75,55,7
75,56,8
75,57,9
75,58,16
75,59,50
75,60,50
75,61,50
75,62,50
75,63,50
75,64,50
75,65,50
75,66,50
75,67,18
75,68,9
75,69,8
75,70,7
75,71,6
75,72,6
75,73,6
75,74,6
75,75,5
75,76,5
75,77,5
75,78,5
75,79,5
75,80,4
75,81,4
75,82,4
75,83,3
75,84,3
75,85,3
75,86,3
75,87,3
75,88,3
75,89,3
75,90,3
75,91,3
75,92,2
75,93,2
75,94,2
75,95,2
75,96,2
75,97,2
75,98,2
75,99,2
76,0,1
76,1,1
76,2,1
76,3,1
76,4,1
76,5,1
76,6,2
76,7,2
76,8,2
76,9,2
76,10,3
76,11,3
76,12,3
76,13,3
76,14,3
76,15,3
76,16,3
76,17,3
76,18,3
76,19,3
76,20,3
76,21,3
76,22,3
76,23,3
76,24,3
76,25,3
76,26,3
76,27,3
76,28,3
76,29,3
76,30,3
76,31,3
76,32,3
76,33,3
76,34,3
76,35,4
76,36,4
76,37,4
76,38,4
76,39,4
76,40,4
76,41,4
76,42,4
76,43,4
76,44,4
76,45,4
76,46,4
76,47,5
76,48,5
76,49,5
76,50,6
76,51,6
76,52,6
76,53,6
76,54,7
76,55,7
76,56,8
76,57,9
76,58,18
76,59,50
76,60,50
76,61,50
76,62,50
76,63,50
76,64,50
76,65,50
76,66,39
76,67,12
76,68,9
76,69,7
76,70,7
76,71,6
76,72,5
76,73,5
76,74,5
76,75,5
76,76,5
76,77,5
76,78,4
76,79,4
76,80,4
76,81,4
76,82,3
76,83,3
76,84,3
76,85,3
76,86,3
76,87,3
76,88,3
76,89,3
76,90,3
76,91,2
76,92,2
76,93,2
76,94,2
76,95,2
76,96,2
76,97,2
76,98,2
76,99,2
77,0,1
77,1,1
77,2,1
77,3,1
77,4,1
77,5,1
77,6,2
77,7,2
77,8,2
77,9,2
77,10,2
77,11,3
77,12,3
77,13,3
77,14,3
77,15,3
77,16,3
77,17,3
77,18,3
77,19,3
77,20,3
77,21,3
77,22,3
77,23,3
77,24,3
77,25,3
77,26,3
77,27,3
77,28,3
77,29,3
77,30,3
77,31,3
77,32,3
77,33,3
77,34,3
77,35,3
77,36,4
77,37,4
77,38,4
77,39,4
77,40,4
77,41,4
77,42,4
77,43,4
77,44,4
77,45,4
77,46,4
77,47,4
77,48,5
77,49,5
77,50,5
77,51,5
77,52,6
77,53,6
77,54,6
77,55,7
77,56,8
77,57,9
77,58,11
77,59,36
77,60,50
77,61,50
77,62,50
77,63,50
77,64,50
77,65,50
77,66,22
77,67,15
77,68,11
77,69,7
77,70,6
77,71,5
77,72,5
77,73,5
77,74,5
77,75,5
77,76,5
77,77,4
77,78,4
77,79,4
77,80,4
77,81,4
77,82,3
77,83,3
77,84,3
77,85,3
77,86,3
77,87,3
77,88,3
77,89,3
77,90,2
77,91,2
77,92,2
77,93,2
77,94,2
77,95,2
77,96,2
77,97,2
77,98,2
77,99,2
78,0,1
78,1,1
78,2,1
78,3,1
78,4,1
78,5,1
78,6,1
78,7,2
78,8,2
78,9,2
78,10,2
78,11,2
78,12,3
78,13,3
78,14,3
78,15,3
78,16,3
78,17,3
78,18,3
78,19,3
78,20,3
78,21,3
78,22,3
78,23,3
78,24,3
78,25,3
78,26,3
78,27,3
78,28,3
78,29,3
78,30,3
78,31,3
78,32,3
78,33,3
78,34,3
78,35,3
78,36,3
78,37,3
78,38,4
78,39,4
78,40,4
78,41,4
78,42,4
78,43,4
78,44,4
78,45,4
78,46,4
78,47,4
78,48,4
78,49,5
78,50,5
78,51,5
78,52,5
78,53,5
78,54,6
78,55,6
78,56,7
78,57,14
78,58,15
78,59,19
78,60,16
78,61,28
78,62,50
78,63,50
78,64,25
78,65,22
78,66,13
78,67,16
78,68,8
78,69,6
78,70,5
78,71,5
78,72,5
78,73,5
78,74,5
78,75,4
78,76,4
78,77,4
78,78,4
78,79,4
78,80,4
78,81,3
78,82,3
78,83,3
78,84,3
78,85,3
78,86,3
78,87,3
78,88,3
78,89,2
78,90,2
78,91,2
78,92,2
78,93,2
78,94,2
78,95,2
78,96,2
78,97,2
78,98,2
78,99,2
79,0,1
79,1,1
79,2,1
79,3,1
79,4,1
79,5,1
79,6,1
79,7,2
79,8,2
79,9,2
79,10,2
79,11,2
79,12,2
79,13,3
79,14,3
79,15,3
79,16,3
79,17,3
79,18,3
79,19,3
79,20,3
79,21,3
79,22,3
79,23,3
79,24,3
79,25,3
79,26,3
79,27,3
79,28,3
79,29,3
79,30,3
79,31,3
79,32,3
79,33,3
79,34,3
79,35,3
79,36,3
79,37,3
79,38,3
79,39,4
79,40,4
79,41,4
79,42,4
79,43,4
79,44,4
79,45,4
79,46,4
79,47,4
79,48,4
79,49,4
79,50,4
79,51,5
79,52,5
79,53,5
79,54,5
79,55,6
79,56,6
79,57,8
79,58,10
79,59,29
79,60,11
79,61,14
79,62,38
79,63,50
79,64,31
79,65,12
79,66,10
79,67,9
79,68,7
79,69,6
79,70,5
79,71,5
79,72,5
79,73,5
79,74,4
79,75,4
79,76,4
79,77,4
79,78,4
79,79,4
79,80,3
79,81,3
79,82,3
79,83,3
79,84,3
79,85,3
79,86,3
79,87,3
79,88,2
79,89,2
79,90,2
79,91,2
79,92,2
79,93,2
79,94,2
79,95,2
79,96,2
79,97,2
79,98,2
79,99,2
80,0,1
80,1,1
80,2,1
80,3,1
80,4,1
80,5,1
80,6,1
80,7,1
80,8,2
80,9,2
80,10,2
80,11,2
80,12,2
80,13,2
80,14,3
80,15,3
80,16,3
80,17,3
80,18,3
80,19,3
80,20,3
80,21,3
80,22,3
80,23,3
80,24,3
80,25,3
80,26,3
80,27,3
80,28,3
80,29,3
80,30,3
80,31,3
80,32,3
80,33,3
80,34,3
80,35,3
80,36,3
80,37,3
80,38,3
80,39,3
80,40,4
80,41,4
80,42,4
80,43,4
80,44,4
80,45,4
80,46,4
80,47,4
80,48,4
80,49,4
80,50,4
80,51,4
80,52,5
80,53,5
80,54,5
80,55,5
80,56,6
80,57,6
80,58,7
80,59,9
80,60,9
80,61,17
80,62,17
80,63,44
80,64,15
80,65,11
80,66,8
80,67,7
80,68,6
80,69,5
80,70,5
80,71,5
80,72,5
80,73,4
80,74,4
80,75,4
80,76,4
80,77,4
80,78,4
80,79,4
80,80,3
80,81,3
80,82,3
80,83,3
80,84,3
80,85,3
80,86,3
80,87,2
80,88,2
80,89,2
80,90,2
80,91,2
80,92,2
80,93,2
80,94,2
80,95,2
80,96,2
80,97,2
80,98,2
80,99,2
81,0,1
81,1,1
81,2,1
81,3,1
81,4,1
81,5,1
81,6,1
81,7,1
81,8,2
81,9,2
81,10,2
81,11,2
81,12,2
81,13,2
81,14,2
81,15,3
81,16,3
81,17,3
81,18,3
81,19,3
81,20,3
81,21,3
81,22,3
81,23,3
81,24,3
81,25,3
81,26,3
81,27,3
81,28,3
81,29,3
81,30,3
81,31,3
81,32,3
81,33,3
81,34,3
81,35,3
81,36,3
81,37,3
81,38,3
81,39,3
81,40,3
81,41,4
81,42,4
81,43,4
81,44,4
81,45,4
81,46,4
81,47,4
81,48,4
81,49,4
81,50,4
81,51,4
81,52,4
81,53,5
81,54,5
81,55,5
81,56,5
81,57,6
81,58,7
81,59,7
81,60,8
81,61,9
81,62,11
81,63,26
81,64,12
81,65,9
81,66,8
81,67,7
81,68,6
81,69,5
81,70,5
81,71,4
81,72,4
81,73,4
81,74,4
81,75,4
81,76,4
81,77,4
81,78,4
81,79,3
81,80,3
81,81,3
81,82,3
81,83,3
81,84,3
81,85,3
81,86,2
81,87,2
81,88,2
81,89,2
81,90,2
81,91,2
81,92,2
81,93,2
81,94,2
81,95,2
81,96,2
81,97,2
81,98,2
81,99,2
82,0,1
82,1,1
82,2,1
82,3,1
82,4,1
82,5,1
82,6,1
82,7,1
82,8,1
82,9,2
82,10,2
82,11,2
82,12,2
82,13,2
82,14,2
82,15,2
82,16,3
82,17,3
82,18,3
82,19,3
82,20,3
82,21,3
82,22,3
82,23,3
82,24,3
82,25,3
82,26,3
82,27,3
82,28,3
82,29,3
82,30,3
82,31,3
82,32,3
82,33,3
82,34,3
82,35,3
82,36,3
82,37,3
82,38,3
82,39,3
82,40,3
82,41,3
82,42,3
82,43,4
82,44,4
82,45,4
82,46,4
82,47,4
82,48,4
82,49,4
82,50,4
82,51,4
82,52,4
82,53,5
82,54,5
82,55,5
82,56,5
82,57,5
82,58,6
82,59,7
82,60,8
82,61,9
82,62,11
82,63,19
82,64,15
82,65,10
82,66,8
82,67,6
82,68,6
82,69,5
82,70,4
82,71,4
82,72,4
82,73,4
82,74,4
82,75,4
82,76,4
82,77,4
82,78,3
82,79,3
82,80,3
82,81,3
82,82,3
82,83,3
82,84,3
82,85,2
82,86,2
82,87,2
82,88,2
82,89,2
82,90,2
82,91,2
82,92,2
82,93,2
82,94,2
82,95,2
82,96,2
82,97,2
82,98,2
82,99,2
83,0,1
83,1,1
83,2,1
83,3,1
83,4,1
83,5,1
83,6,1
83,7,1
83,8,1
83,9,2
83,10,2
83,11,2
83,12,2
83,13,2
83,14,2
83,15,2
83,16,2
83,17,3
83,18,3
83,19,3
83,20,3
83,21,3
83,22,3
83,23,3
83,24,3
83,25,3
83,26,3
83,27,3
83,28,3
83,29,3
83,30,3
83,31,3
83,32,3
83,33,3
83,34,3
83,35,3
83,36,3
83,37,3
83,38,3
83,39,3
83,40,3
83,41,3
83,42,3
83,43,3
83,44,4
83,45,4
83,46,4
83,47,4
83,48,4
83,49,4
83,50,4
83,51,4
83,52,4
83,53,4
83,54,5
83,55,5
83,56,5
83,57,5
83,58,6
83,59,6
83,60,7
83,61,9
83,62,16
83,63,11
83,64,10
83,65,16
83,66,11
83,67,6
83,68,5
83,69,4
83,70,4
83,71,4
83,72,4
83,73,4
83,74,4
83,75,4
83,76,4
83,77,3
83,78,3
83,79,3
83,80,3
83,81,3
83,82,3
83,83,3
83,84,2
83,85,2
83,86,2
83,87,2
83,88,2
83,89,2
83,90,2
83,91,2
83,92,2
83,93,2
83,94,2
83,95,2
83,96,2
83,97,2
83,98,2
83,99,2
84,0,1
84,1,1
84,2,1
84,3,1
84,4,1
84,5,1
84,6,1
84,7,1
84,8,1
84,9,1
84,10,2
84,11,2
84,12,2
84,13,2
84,14,2
84,15,2
84,16,2
84,17,2
84,18,3
84,19,3
84,20,3
84,21,3
84,22,3
84,23,3
84,24,3
84,25,3
84,26,3
84,27,3
84,28,3
84,29,3
84,30,3
84,31,3
84,32,3
84,33,3
84,34,3
84,35,3
84,36,3
84,37,3
84,38,3
84,39,3
84,40,3
84,41,3
84,42,3
84,43,3
84,44,3
84,45,4
84,46,4
84,47,4
84,48,4
84,49,4
84,50,4
84,51,4
84,52,4
84,53,4
84,54,4
84,55,5
84,56,5
84,57,5
84,58,6
84,59,6
84,60,7
84,61,14
84,62,15
84,63,8
84,64,7
84,65,7
84,66,11
84,67,6
84,68,5
84,69,4
84,70,4
84,71,4
84,72,4
84,73,4
84,74,4
84,75,4
84,76,3
84,77,3
84,78,3
84,79,3
84,80,3
84,81,3
84,82,3
84,83,2
84,84,2
84,85,2
84,86,2
84,87,2
84,88,2
84,89,2
84,90,2
84,91,2
84,92,2
84,93,2
84,94,2
84,95,2
84,96,2
84,97,2
84,98,2
84,99,2
85,0,1
85,1,1
85,2,1
85,3,1
85,4,1
85,5,1
85,6,1
85,7,1
85,8,1
85,9,1
85,10,2
85,11,2
85,12,2
85,13,2
85,14,2
85,15,2
85,16,2
85,17,2
85,18,2
85,19,2
85,20,3
85,21,3
85,22,3
85,23,3
85,24,3
85,25,3
85,26,3
85,27,3
85,28,3
85,29,3
85,30,3
85,31,3
85,32,3
85,33,3
85,34,3
85,35,3
85,36,3
85,37,3
85,38,3
85,39,3
85,40,3
85,41,3
85,42,3
85,43,3
85,44,3
85,45,3
85,46,3
85,47,4
85,48,4
85,49,4
85,50,4
85,51,4
85,52,4
85,53,4
85,54,4
85,55,4
85,56,5
85,57,5
85,58,5
85,59,6
85,60,8
85,61,15
85,62,11
85,63,6
85,64,6
85,65,6
85,66,6
85,67,5
85,68,4
85,69,4
85,70,4
85,71,4
85,72,4
85,73,4
85,74,3
85,75,3
85,76,3
85,77,3
85,78,3
85,79,3
85,80,3
85,81,2
85,82,2
85,83,2
85,84,2
85,85,2
85,86,2
85,87,2
85,88,2
85,89,2
85,90,2
85,91,2
85,92,2
85,93,2
85,94,2
85,95,2
85,96,2
85,97,2
85,98,2
85,99,2
86,0,1
86,1,1
86,2,1
86,3,1
86,4,1
86,5,1
86,6,1
86,7,1
86,8,1
86,9,1
86,10,1
86,11,2
86,12,2
86,13,2
86,14,2
86,15,2
86,16,2
86,17,2
86,18,2
86,19,2
86,20,2
86,21,3
86,22,3
86,23,3
86,24,3
86,25,3
86,26,3
86,27,3
86,28,3
86,29,3
86,30,3
86,31,3
86,32,3
86,33,3
86,34,3
86,35,3
86,36,3
86,37,3
86,38,3
86,39,3
86,40,3
86,41,3
86,42,3
86,43,3
86,44,3
86,45,3
86,46,3
86,47,3
86,48,3
86,49,4
86,50,4
86,51,4
86,52,4
86,53,4
86,54,4
86,55,4
86,56,4
86,57,5
86,58,5
86,59,6
86,60,8
86,61,11
86,62,7
86,63,6
86,64,5
86,65,5
86,66,5
86,67,4
86,68,4
86,69,4
86,70,4
86,71,4
86,72,4
86,73,3
86,74,3
86,75,3
86,76,3
86,77,3
86,78,3
86,79,3
86,80,2
86,81,2
86,82,2
86,83,2
86,84,2
86,85,2
86,86,2
86,87,2
86,88,2
86,89,2
86,90,2
86,91,2
86,92,2
86,93,2
86,94,2
86,95,2
86,96,2
86,97,2
86,98,2
86,99,2
87,0,1
87,1,1
87,2,1
87,3,1
87,4,1
87,5,1
87,6,1
87,7,1
87,8,1
87,9,1
87,10,1
87,11,1
87,12,2
87,13,2
87,14,2
87,15,2
87,16,2
87,17,2
87,18,2
87,19,2
87,20,2
87,21,2
87,22,2
87,23,3
87,24,3
87,25,3
87,26,3
87,27,3
87,28,3
87,29,3
87,30,3
87,31,3
87,32,3
87,33,3
87,34,3
87,35,3
87,36,3
87,37,3
87,38,3
87,39,3
87,40,3
87,41,3
87,42,3
87,43,3
87,44,3
87,45,3
87,46,3
87,47,3
87,48,3
87,49,3
87,50,3
87,51,4
87,52,4
87,53,4
87,54,4
87,55,4
87,56,4
87,57,4
87,58,5
87,59,7
87,60,9
87,61,8
87,62,6
87,63,5
87,64,5
87,65,5
87,66,4
87,67,4
87,68,4
87,69,4
87,70,4
87,71,3
87,72,3
87,73,3
87,74,3
87,75,3
87,76,3
87,77,3
87,78,2
87,79,2
87,80,2
87,81,2
87,82,2
87,83,2
87,84,2
87,85,2
87,86,2
87,87,2
87,88,2
87,89,2
87,90,2
87,91,2
87,92,2
87,93,2
87,94,2
87,95,2
87,96,2
87,97,2
87,98,2
87,99,2
88,0,1
88,1,1
88,2,1
88,3,1
88,4,1
88,5,1
88,6,1
88,7,1
88,8,1
88,9,1
88,10,1
88,11,1
88,12,2
88,13,2
88,14,2
88,15,2
88,16,2
88,17,2
88,18,2
88,19,2
88,20,2
88,21,2
88,22,2
88,23,2
88,24,2
88,25,3
88,26,3
88,27,3
88,28,3
88,29,3
88,30,3
88,31,3
88,32,3
88,33,3
88,34,3
88,35,3
88,36,3
88,37,3
88,38,3
88,39,3
88,40,3
88,41,3
88,42,3
88,43,3
88,44,3
88,45,3
88,46,3
88,47,3
88,48,3
88,49,3
88,50,3
88,51,3
88,52,3
88,53,4
88,54,4
88,55,4
88,56,4
88,57,4
88,58,4
88,59,4
88,60,5
88,61,5
88,62,5
88,63,5
88,64,4
88,65,4
88,66,4
88,67,4
88,68,4
88,69,3
88,70,3
88,71,3
88,72,3
88,73,3
88,74,3
88,75,3
88,76,2
88,77,2
88,78,2
88,79,2
88,80,2
88,81,2
88,82,2
88,83,2
88,84,2
88,85,2
88,86,2
88,87,2
88,88,2
88,89,2
88,90,2
88,91,2
88,92,2
88,93,2
88,94,2
88,95,2
88,96,2
88,97,2
88,98,2
88,99,2
89,0,1
89,1,1
89,2,1
89,3,1
89,4,1
89,5,1
89,6,1
89,7,1
89,8,1
89,9,1
89,10,1
89,11,1
89,12,1
89,13,2
89,14,2
89,15,2
89,16,2
89,17,2
89,18,2
89,19,2
89,20,2
89,21,2
89,22,2
89,23,2
89,24,2
89,25,2
89,26,2
89,27,3
89,28,3
89,29,3
89,30,3
89,31,3
89,32,3
89,33,3
89,34,3
89,35,3
89,36,3
89,37,3
89,38,3
89,39,3
89,40,3
89,41,3
89,42,3
89,43,3
89,44,3
89,45,3
89,46,3
89,47,3
89,48,3
89,49,3
89,50,3
89,51,3
89,52,3
89,53,3
89,54,3
89,55,3
89,56,3
89,57,4
89,58,4
89,59,4
89,60,4
89,61,4
89,62,4
89,63,4
89,64,4
89,65,3
89,66,3
89,67,3
89,68,3
89,69,3
89,70,3
89,71,3
89,72,3
89,73,3
89,74,2
89,75,2
89,76,2
89,77,2
89,78,2
89,79,2
89,80,2
89,81,2
89,82,2
89,83,2
89,84,2
89,85,2
89,86,2
89,87,2
89,88,2
89,89,2
89,90,2
89,91,2
89,92,2
89,93,2
89,94,2
89,95,2
89,96,2
89,97,2
89,98,2
89,99,2
90,0,1
90,1,1
90,2,1
90,3,1
90,4,1
90,5,1
90,6,1
90,7,1
90,8,1
90,9,1
90,10,1
90,11,1
90,12,1
90,13,1
90,14,2
90,15,2
90,16,2
90,17,2
90,18,2
90,19,2
90,20,2
90,21,2
90,22,2
90,23,2
90,24,2
90,25,2
90,26,2
90,27,2
90,28,2
90,29,3
90,30,3
90,31,3
90,32,3
90,33,3
90,34,3
90,35,3
90,36,3
90,37,3
90,38,3
90,39,3
90,40,3
90,41,3
90,42,3
90,43,3
90,44,3
90,45,3
90,46,3
90,47,3
90,48,3
90,49,3
90,50,3
90,51,3
90,52,3
90,53,3
90,54,3
90,55,3
90,56,3
90,57,3
90,58,3
90,59,3
90,60,3
90,61,3
90,62,3
90,63,3
90,64,3
90,65,3
90,66,3
90,67,3
90,68,3
90,69,3
90,70,3
90,71,3
90,72,2
90,73,2
90,74,2
90,75,2
90,76,2
90,77,2
90,78,2
90,79,2
90,80,2
90,81,2
90,82,2
90,83,2
90,84,2
90,85,2
90,86,2
90,87,2
90,88,2
90,89,2
90,90,2
90,91,2
90,92,2
90,93,2
90,94,2
90,95,2
90,96,2
90,97,2
90,98,2
90,99,2
91,0,1
91,1,1
91,2,1
91,3,1
91,4,1
91,5,1
91,6,1
91,7,1
91,8,1
91,9,1
91,10,1
91,11,1
91,12,1
91,13,1
91,14,1
91,15,2
91,16,2
91,17,2
91,18,2
91,19,2
91,20,2
91,21,2
91,22,2
91,23,2
91,24,2
91,25,2
91,26,2
91,27,2
91,28,2
91,29,2
91,30,2
91,31,2
91,32,3
91,33,3
91,34,3
91,35,3
91,36,3
91,37,3
91,38,3
91,39,3
91,40,3
91,41,3
91,42,3
91,43,3
91,44,3
91,45,3
91,46,3
91,47,3
91,48,3
91,49,3
91,50,3
91,51,3
91,52,3
91,53,3
91,54,3
91,55,3
91,56,3
91,57,3
91,58,3
91,59,3
91,60,3
91,61,3
91,62,3
91,63,3
91,64,3
91,65,3
91,66,3
91,67,3
91,68,3
91,69,2
91,70,2
91,71,2
91,72,2
91,73,2
91,74,2
91,75,2
91,76,2
91,77,2
91,78,2
91,79,2
91,80,2
91,81,2
91,82,2
91,83,2
91,84,2
91,85,2
91,86,2
91,87,2
91,88,2
91,89,2
91,90,2
91,91,2
91,92,2
91,93,2
91,94,2
91,95,2
91,96,2
91,97,2
91,98,2
91,99,2
92,0,1
92,1,1
92,2,1
92,3,1
92,4,1
92,5,1
92,6,1
92,7,1
92,8,1
92,9,1
92,10,1
92,11,1
92,12,1
92,13,1
92,14,1
92,15,2
92,16,2
92,17,2
92,18,2
92,19,2
92,20,2
92,21,2
92,22,2
92,23,2
92,24,2
92,25,2
92,26,2
92,27,2
92,28,2
92,29,2
92,30,2
92,31,2
92,32,2
92,33,2
92,34,2
92,35,3
92,36,3
92,37,3
92,38,3
92,39,3
92,40,3
92,41,3
92,42,3
92,43,3
92,44,3
92,45,3
92,46,3
92,47,3
92,48,3
92,49,3
92,50,3
92,51,3
92,52,3
92,53,3
92,54,3
92,55,3
92,56,3
92,57,3
92,58,3
92,59,3
92,60,3
92,61,3
92,62,3
92,63,3
92,64,3
92,65,3
92,66,2
92,67,2
92,68,2
92,69,2
92,70,2
92,71,2
92,72,2
92,73,2
92,74,2
92,75,2
92,76,2
92,77,2
92,78,2
92,79,2
92,80,2
92,81,2
92,82,2
92,83,2
92,84,2
92,85,2
92,86,2
92,87,2
92,88,2
92,89,2
92,90,2
92,91,2
92,92,2
92,93,2
92,94,2
92,95,2
92,96,2
92,97,2
92,98,2
92,99,2
93,0,1
93,1,1
93,2,1
93,3,1
93,4,1
93,5,1
93,6,1
93,7,1
93,8,1
93,9,1
93,10,1
93,11,1
93,12,1
93,13,1
93,14,1
93,15,1
93,16,2
93,17,2
93,18,2
93,19,2
93,20,2
93,21,2
93,22,2
93,23,2
93,24,2
93,25,2
93,26,2
93,27,2
93,28,2
93,29,2
93,30,2
93,31,2
93,32,2
93,33,2
93,34,2
93,35,2
93,36,2
93,37,2
93,38,2
93,39,3
93,40,3
93,41,3
93,42,3
93,43,3
93,44,3
93,45,3
93,46,3
93,47,3
93,48,3
93,49,3
93,50,3
93,51,3
93,52,3
93,53,3
93,54,3
93,55,3
93,56,3
93,57,3
93,58,3
93,59,3
93,60,3
93,61,3
93,62,2
93,63,2
93,64,2
93,65,2
93,66,2
93,67,2
93,68,2
93,69,2
93,70,2
93,71,2
93,72,2
93,73,2
93,74,2
93,75,2
93,76,2
93,77,2
93,78,2
93,79,2
93,80,2
93,81,2
93,82,2
93,83,2
93,84,2
93,85,2
93,86,2
93,87,2
93,88,2
93,89,2
93,90,2
93,91,2
93,92,2
93,93,2
93,94,2
93,95,2
93,96,2
93,97,2
93,98,2
93,99,2
94,0,1
94,1,1
94,2,1
94,3,1
94,4,1
94,5,1
94,6,1
94,7,1
94,8,1
94,9,1
94,10,1
94,11,1
94,12,1
94,13,1
94,14,1
94,15,1
94,16,1
94,17,2
94,18,2
94,19,2
94,20,2
94,21,2
94,22,2
94,23,2
94,24,2
94,25,2
94,26,2
94,27,2
94,28,2
94,29,2
94,30,2
94,31,2
94,32,2
94,33,2
94,34,2
94,35,2
94,36,2
94,37,2
94,38,2
94,39,2
94,40,2
94,41,2
94,42,2
94,43,2
94,44,2
94,45,2
94,46,2
94,47,3
94,48,3
94,49,3
94,50,3
94,51,3
94,52,3
94,53,3
94,54,2
94,55,2
94,56,2
94,57,2
94,58,2
94,59,2
94,60,2
94,61,2
94,62,2
94,63,2
94,64,2
94,65,2
94,66,2
94,67,2
94,68,2
94,69,2
94,70,2
94,71,2
94,72,2
94,73,2
94,74,2
94,75,2
94,76,2
94,77,2
94,78,2
94,79,2
94,80,2
94,81,2
94,82,2
94,83,2
94,84,2
94,85,2
94,86,2
94,87,2
94,88,2
94,89,2
94,90,2
94,91,2
94,92,2
94,93,2
94,94,2
94,95,2
94,96,2
94,97,2
94,98,2
94,99,2
95,0,1
95,1,1
95,2,1
95,3,1
95,4,1
95,5,1
95,6,1
95,7,1
95,8,1
95,9,1
95,10,1
95,11,1
95,12,1
95,13,1
95,14,1
95,15,1
95,16,1
95,17,1
95,18,2
95,19,2
95,20,2
95,21,2
95,22,2
95,23,2
95,24,2
95,25,2
95,26,2
95,27,2
95,28,2
95,29,2
95,30,2
95,31,2
95,32,2
95,33,2
95,34,2
95,35,2
95,36,2
95,37,2
95,38,2
95,39,2
95,40,2
95,41,2
95,42,2
95,43,2
95,44,2
95,45,2
95,46,2
95,47,2
95,48,2
95,49,2
95,50,2
95,51,2
95,52,2
95,53,2
95,54,2
95,55,2
95,56,2
95,57,2
95,58,2
95,59,2
95,60,2
95,61,2
95,62,2
95,63,2
95,64,2
95,65,2
95,66,2
95,67,2
95,68,2
95,69,2
95,70,2
95,71,2
95,72,2
95,73,2
95,74,2
95,75,2
95,76,2
95,77,2
95,78,2
95,79,2
95,80,2
95,81,2
95,82,2
95,83,2
95,84,2
95,85,2
95,86,2
95,87,2
95,88,2
95,89,2
95,90,2
95,91,2
95,92,2
95,93,2
95,94,2
95,95,2
95,96,2
95,97,2
95,98,2
95,99,2
96,0,1
96,1,1
96,2,1
96,3,1
96,4,1
96,5,1
96,6,1
96,7,1
96,8,1
96,9,1
96,10,1
96,11,1
96,12,1
96,13,1
96,14,1
96,15,1
96,16,1
96,17,1
96,18,1
96,19,2
96,20,2
96,21,2
96,22,2
96,23,2
96,24,2
96,25,2
96,26,2
96,27,2
96,28,2
96,29,2
96,30,2
96,31,2
96,32,2
96,33,2
96,34,2
96,35,2
96,36,2
96,37,2
96,38,2
96,39,2
96,40,2
96,41,2
96,42,2
96,43,2
96,44,2
96,45,2
96,46,2
96,47,2
96,48,2
96,49,2
96,50,2
96,51,2
96,52,2
96,53,2
96,54,2
96,55,2
96,56,2
96,57,2
96,58,2
96,59,2
96,60,2
96,61,2
96,62,2
96,63,2
96,64,2
96,65,2
96,66,2
96,67,2
96,68,2
96,69,2
96,70,2
96,71,2
96,72,2
96,73,2
96,74,2
96,75,2
96,76,2
96,77,2
96,78,2
96,79,2
96,80,2
96,81,2
96,82,2
96,83,2
96,84,2
96,85,2
96,86,2
96,87,2
96,88,2
96,89,2
96,90,2
96,91,2
96,92,2
96,93,2
96,94,2
96,95,2
96,96,2
96,97,2
96,98,2
96,99,2
97,0,1
97,1,1
97,2,1
97,3,1
97,4,1
97,5,1
97,6,1
97,7,1
97,8,1
97,9,1
97,10,1
97,11,1
97,12,1
97,13,1
97,14,1
97,15,1
97,16,1
97,17,1
97,18,1
97,19,1
97,20,2
97,21,2
97,22,2
97,23,2
97,24,2
97,25,2
97,26,2
97,27,2
97,28,2
97,29,2
97,30,2
97,31,2
97,32,2
97,33,2
97,34,2
97,35,2
97,36,2
97,37,2
97,38,2
97,39,2
97,40,2
97,41,2
97,42,2
97,43,2
97,44,2
97,45,2
97,46,2
97,47,2
97,48,2
97,49,2
97,50,2
97,51,2
97,52,2
97,53,2
97,54,2
97,55,2
97,56,2
97,57,2
97,58,2
97,59,2
97,60,2
97,61,2
97,62,2
97,63,2
97,64,2
97,65,2
97,66,2
97,67,2
97,68,2
97,69,2
97,70,2
97,71,2
97,72,2
97,73,2
97,74,2
97,75,2
97,76,2
97,77,2
97,78,2
97,79,2
97,80,2
97,81,2
97,82,2
97,83,2
97,84,2
97,85,2
97,86,2
97,87,2
97,88,2
97,89,2
97,90,2
97,91,2
97,92,2
97,93,2
97,94,2
97,95,2
97,96,2
97,97,2
97,98,2
97,99,2
98,0,1
98,1,1
98,2,1
98,3,1
98,4,1
98,5,1
98,6,1
98,7,1
98,8,1
98,9,1
98,10,1
98,11,1
98,12,1
98,13,1
98,14,1
98,15,1
98,16,1
98,17,1
98,18,1
98,19,1
98,20,1
98,21,2
98,22,2
98,23,2
98,24,2
98,25,2
98,26,2
98,27,2
98,28,2
98,29,2
98,30,2
98,31,2
98,32,2
98,33,2
98,34,2
98,35,2
98,36,2
98,37,2
98,38,2
98,39,2
98,40,2
98,41,2
98,42,2
98,43,2
98,44,2
98,45,2
98,46,2
98,47,2
98,48,2
98,49,2
98,50,2
98,51,2
98,52,2
98,53,2
98,54,2
98,55,2
98,56,2
98,57,2
98,58,2
98,59,2
98,60,2
98,61,2
98,62,2
98,63,2
98,64,2
98,65,2
98,66,2
98,67,2
98,68,2
98,69,2
98,70,2
98,71,2
98,72,2
98,73,2
98,74,2
98,75,2
98,76,2
98,77,2
98,78,2
98,79,2
98,80,2
98,81,2
98,82,2
98,83,2
98,84,2
98,85,2
98,86,2
98,87,2
98,88,2
98,89,2
98,90,2
98,91,2
98,92,2
98,93,2
98,94,2
98,95,2
98,96,2
98,97,2
98,98,2
98,99,2
99,0,1
99,1,1
99,2,1
99,3,1
99,4,1
99,5,1
99,6,1
99,7,1
99,8,1
99,9,1
99,10,1
99,11,1
99,12,1
99,13,1
99,14,1
99,15,1
99,16,1
99,17,1
99,18,1
99,19,1
99,20,1
99,21,1
99,22,2
99,23,2
99,24,2
99,25,2
99,26,2
99,27,2
99,28,2
99,29,2
99,30,2
99,31,2
99,32,2
99,33,2
99,34,2
99,35,2
99,36,2
99,37,2
99,38,2
99,39,2
99,40,2
99,41,2
99,42,2
99,43,2
99,44,2
99,45,2
99,46,2
99,47,2
99,48,2
99,49,2
99,50,2
99,51,2
99,52,2
99,53,2
99,54,2
99,55,2
99,56,2
99,57,2
99,58,2
99,59,2
99,60,2
99,61,2
99,62,2
99,63,2
99,64,2
99,65,2
99,66,2
99,67,2
99,68,2
99,69,2
99,70,2
99,71,2
99,72,2
99,73,2
99,74,2
99,75,2
99,76,2
99,77,2
99,78,2
99,79,2
99,80,2
99,81,2
99,82,2
99,83,2
99,84,2
99,85,2
99,86,2
99,87,2
99,88,2
99,89,2
99,90,2
99,91,2
99,92,2
99,93,2
99,94,2
99,95,2
99,96,2
99,97,2
99,98,2
99,99,2
